問,科目,解答,正誤,回答,理由
問1,物理,"[(3,)]",○,[3],ダニエル電池の起電力は、正極（銅）の標準電極電位から負極（亜鉛）の標準電極電位を引いて求める。正極の電位は+0.337 V、負極の電位は-0.763 Vであるため、起電力 = (+0.337 V) - (-0.763 V) = +1.100 V となる。したがって、選択肢3が正しい。
問2,物理,"[(4,)]",○,[4],熱力学における閉じた系とは、外界との間で物質の移動はないが、エネルギー（熱や仕事）のやりとりは可能な系を指す。選択肢の中で、熱と仕事はエネルギーの形態であり、閉じた系で外界とやりとりできる。物質はやりとりできない。したがって、熱と仕事の組み合わせである選択肢4が正しい。
問3,物理,"[(5,)]",○,[5],難溶性塩である水酸化鉄(III) Fe(OH)₃ の溶解平衡は Fe(OH)₃ ⇌ Fe³⁺ + 3OH⁻ で表される。純水中での溶解度を S [mol/L] とすると、平衡時のイオン濃度は [Fe³⁺] = S [mol/L]、[OH⁻] = 3S [mol/L] となる。溶解度積 Ksp は、これらのイオン濃度の積で表され、Ksp = [Fe³⁺][OH⁻]³ = (S) * (3S)³ = S * 27S³ = 27S⁴ [(mol/L)⁴] となる。したがって、選択肢5が正しい。
問4,物理,"[(5,)]",○,[5],"スピン量子数が1/2である原子核（例: ¹H, ¹³C）が外部磁場中に置かれると、核スピンの磁気モーメントと外部磁場の相互作用により、エネルギー準位が分裂する。この現象はゼーマン効果（ゼーマン分裂）と呼ばれる。これにより、NMR（核磁気共鳴）分光法が可能となる。化学シフトは核周囲の電子環境による共鳴周波数の差、McLafferty転位やラジカル開裂は質量分析におけるイオンの開裂様式、超微細分裂は電子スピンと核スピンなどの相互作用による分裂である。したがって、選択肢5が正しい。"
問5,物理,"[(1,)]",○,[1],初期の薬物Xの物質量は 50 mmol。水相の体積は 100 mL。酢酸エチル相（体積 V mL）に抽出後、酢酸エチル相中のXは 45 mmol。したがって、水相に残ったXは 50 - 45 = 5 mmol。分配係数 K は (酢酸エチル相中の濃度) / (水相中の濃度) で定義される。酢酸エチル相中の濃度は 45/V [mmol/mL]、水相中の濃度は 5/100 [mmol/mL]。分配係数は 18 なので、K = (45/V) / (5/100) = 18。これを解くと、(45/V) * (100/5) = 18 => (45/V) * 20 = 18 => 900/V = 18 => V = 900 / 18 = 50 [mL]。したがって、酢酸エチル相の体積は 50 mL であり、選択肢1が正しい。
問6,化学,"[(4,)]",×,[1],アノマーとは、環状構造を持つ糖において、ヘミアセタール（またはヘミケタール）炭素（アノマー炭素、通常は1位または2位）の立体配置のみが異なる異性体のこと。化合物Aはβ-D-グルコピラノースである（1位のOH基が上向き）。選択肢1はα-D-グルコピラノース（1位のOH基が下向き）であり、化合物Aのアノマーである。選択肢2はD-マンノース（2位のエピマー）、選択肢3はD-ガラクトース（4位のエピマー）、選択肢4はL-グルコース（鏡像異性体）、選択肢5はD-フルクトフラノース（構造異性体）である。したがって、選択肢1が正しい。
問7,化学,"[(3,)]",×,[5],示された薬物の構造は、スルホンアミド基(-SO₂NH₂)とアミド基(-CONH₂)を持つ。この構造は、炭酸脱水酵素阻害薬であるアセタゾラミドに類似している。炭酸脱水酵素は活性中心に亜鉛(Zn)イオンを持つ金属酵素である。この種の阻害薬は、活性中心のZnイオンに配位することで酵素活性を阻害する。したがって、この薬物に含まれる金属元素Mとして最も可能性が高いのは亜鉛(Zn)である。選択肢5が正しい。
問8,化学,"[(5,)]",○,[5],化合物の酸性度は、プロトンを放出した後の共役塩基の安定性に依存する。選択肢1はシクロヘキサノールで脂肪族アルコールであり、酸性度は非常に低い。選択肢2-5はフェノール誘導体であり、フェノール性水酸基を持つため、1より酸性度が高い。フェノール(2)と比較して、置換基が共役塩基（フェノキシドイオン）を安定化させるほど酸性度は高くなる。アミノ基(-NH₂)は電子供与基であり、共役塩基を不安定化させるため酸性度は低い(3)。塩素原子(-Cl)は誘起効果により電子求引性を示し、共役塩基をやや安定化させるため酸性度は2より高い(4)。ニトロ基(-NO₂)は誘起効果および共鳴効果により強い電子求引性を示し、共役塩基の負電荷を非局在化させて最も安定化させるため、酸性度が最も高い(5)。したがって、選択肢5が正しい。
問9,化学,"[(4,)]",○,[4],ベンジルカチオンの安定性は、カチオン中心の正電荷を非局在化させる置換基によって向上する。メトキシ基(-OCH₃)は、酸素原子の非共有電子対による共鳴効果（電子供与性）を持ち、ベンゼン環のオルト位およびパラ位に付くとカチオンを強く安定化させる。メタ位では共鳴効果による安定化は起こりにくい。選択肢1はオルト位、選択肢2はメタ位、選択肢3はパラ位に-OCH₃が1つ。選択肢4はオルト位とパラ位に-OCH₃が1つずつ。選択肢5はメタ位に2つ。ベンジルカチオンの正電荷は、カチオン中心の炭素、オルト位、パラ位に非局在化する。したがって、オルト位とパラ位の両方に電子供与性の-OCH₃基を持つ選択肢4が、最も効果的に正電荷を非局在化させ、カチオンを安定化する。したがって、選択肢4が正しい。
問10,化学,"[(3,)]",○,[3],ビンクリスチンは、インドール環を含む複雑な構造を持つインドールアルカロイドである。インドールアルカロイドの生合成における基本的な前駆体は、インドール環を持つアミノ酸であるトリプトファンである。したがって、選択肢3が正しい。
問11,生物,"[(3,)]",○,[3],血管の中で、血管平滑筋細胞を持たず、血管内皮細胞とその外側の基底膜のみから構成されるのは毛細血管である。この薄い構造により、血液と組織の間で栄養成分、酸素、二酸化炭素、老廃物などの物質交換が効率的に行われる。大動脈、細動脈、大静脈は平滑筋層を持つ。胸管はリンパ管である。したがって、選択肢3が正しい。
問12,生物,"[(5,)]",○,[5],ヒトにおいて、核酸に含まれるプリン塩基（アデニンとグアニン）は、代謝されて最終的に尿酸となる。アデニンはヒポキサンチンを経てキサンチンに、グアニンは直接キサンチンに変換され、キサンチンはキサンチンオキシダーゼによって尿酸に酸化される。構造式1はヒポキサンチン、2はグアニン、3はアデニン、4はキサンチン、5は尿酸である。したがって、最終代謝産物は尿酸であり、選択肢5が正しい。
問13,生物,"[(3,)]",○,[3],真核生物において、遺伝子の転写を開始するためには、RNAポリメラーゼIIがDNA上の特定の領域に結合する必要がある。この転写開始点を制御するDNA領域をプロモーターと呼ぶ。プロモーターにはTATAボックスなどの配列が含まれ、基本転写因子群とともにRNAポリメラーゼIIが結合する複合体を形成する。イントロンとエクソンは転写される領域、テロメアは染色体末端の保護構造、ターミネーターは転写終結シグナル領域である。したがって、選択肢3が正しい。
問14,生物,"[(5,)]",○,[5],オステオカルシンは骨基質タンパク質の一つであり、カルシウムイオンと結合する能力を持つ。この結合能は、タンパク質合成後の翻訳後修飾によって獲得される。具体的には、オステオカルシン中の特定のグルタミン酸残基が、ビタミンK依存性の酵素によってγ位がカルボキシル化され、γ-カルボキシグルタミン酸(Gla)残基となる。このGla残基が2価の負電荷を持つため、カルシウムイオンと強く結合できるようになる。この修飾はカルボキシル化である。したがって、選択肢5が正しい。
問15,生物,"[(2,)]",○,[2],ウイルス粒子において、中心にあるウイルスゲノム（核酸）を取り囲んでいるタンパク質の殻構造をカプシドと呼ぶ。カプシドは、カプソメアと呼ばれるタンパク質サブユニットから構成される。エンベロープは一部のウイルスが持つ脂質二重膜の外被、コアはゲノムとカプシドを合わせた内部構造、スパイクはエンベロープ表面の突起状タンパク質、ビリオンは感染性を有する完全なウイルス粒子全体を指す。したがって、選択肢2が正しい。
問16,衛生,"[(4,)]",×,[2],提示されたグラフは、1950年代に高い値を示した後、急激に低下し、1970年代半ばに最低値を記録した後、緩やかに上昇し、近年再び低下傾向にある日本の人口動態指標を示している。この特徴的な推移は、合計特殊出生率（一人の女性が生涯に産む子供の数の平均）の変動パターンと一致する。出生率はより高い値を示し、戦後一貫して低下傾向（多少の変動はある）。総再生産率は合計特殊出生率と似た動きだが値が異なる。粗死亡率は戦後低下したが近年高齢化により上昇。年齢調整死亡率は医学の進歩などにより低下傾向。したがって、選択肢2が正しい。
問17,衛生,"[(1,)]",○,[1],再興感染症とは、過去に流行し公衆衛生上の問題とならなくなったと考えられていたが、近年再び感染者数が増加したり、新たな地域で流行したりしている感染症のこと。結核は、治療法の開発などで一時は減少したが、薬剤耐性菌の出現や社会経済的要因の変化などにより、依然として世界的な問題であり、日本でも再興感染症と位置づけられている。他の選択肢は新興感染症（SARS、レジオネラ症）やその他の感染症。したがって、選択肢1が正しい。
問18,衛生,"[(3,)]",○,[3],労働安全衛生における衛生管理は、作業環境管理、作業管理、健康管理の3つが基本となる。有害物質の経皮曝露を防ぐために化学防護手袋を使用することは、作業方法の改善や保護具の使用に該当し、作業管理に含まれる。作業環境管理は作業場所の有害物質濃度低減など、健康管理は健康診断など、労働衛生教育は知識の付与、作業環境管理は環境改善、総括管理は全体の管理体制を指す。したがって、選択肢3が正しい。
問19,衛生,"[(3,)]",○,[3],提示された構造式は、イミダゾール環を持つアミンであり、ヒスタミンである。ヒスタミンは、生体内でアミノ酸のヒスチジンが、ヒスチジン脱炭酸酵素によって脱炭酸されることによって生成される腐敗アミン（生体アミン）の一種である。したがって、前駆体となるアミノ酸はヒスチジンであり、選択肢3が正しい。
問20,衛生,"[(3,)]",○,[3],コウジカビの一種である Aspergillus flavus や Aspergillus parasiticus が産生するカビ毒（マイコトキシン）の中で、特に毒性が強く、主要な肝発がん物質として知られているのはアフラトキシン類である。特にアフラトキシンB₁は天然物の中で最も強力な発がん物質の一つとされる。シトリニン、パツリン、フモニシン、デオキシニバレノールもカビ毒だが、産生菌や主な毒性が異なる。したがって、選択肢3が正しい。
問21,衛生,"[(1,)]",○,[1],化審法（化学物質の審査及び製造等の規制に関する法律）は、主に意図的に製造・輸入される新規化学物質や既存化学物質の性状等に応じた規制を行う法律である。ポリ塩化ジベンゾ-p-ジオキシン（ダイオキシン類）は、主に燃焼過程などで非意図的に生成される物質であり、化審法の直接的な規制対象ではない（ただし、ダイオキシン類対策特別措置法などで厳しく規制されている）。ポリ塩化ビフェニル(PCB)も非意図的生成物を含むが、化審法で第一種特定化学物質に指定されている。ペルフルオロ（オクタン-1-スルホン酸）(PFOS)、ヘキサブロモビフェニル、ビス（トリブチルスズ）＝オキシド(TBTO)は意図的に製造・使用された経緯があり、化審法等で規制されている（PFOS、ヘキサブロモビフェニルは第一種特定化学物質）。したがって、「主に非意図的に生成することから化審法で規制されていない」ものとしては、選択肢1が最も適切と考えられる（ただし、別の法律で規制されている点に注意）。
問22,衛生,"[(4,)]",○,[4],"ガラス工白内障（熱白内障）は、高温の炉などを扱うガラス工や溶接工などにみられる職業性の白内障であり、長期間にわたる赤外線の曝露が原因とされる。赤外線は非電離放射線であり、その熱作用によって水晶体タンパク質が変性し、混濁すると考えられている。紫外線（UVA, UVB, UVC）は主に紫外線白内障の原因となる。可視光線は通常、白内障の直接的な原因とは考えにくい。したがって、選択肢4が正しい。"
問23,衛生,"[(4,)]",×,[5],水道水質基準における大腸菌の検査では、大腸菌が特異的に持つ酵素であるβ-グルクロニダーゼを利用する方法が一般的である。この酵素は、β-グルクロニド結合を持つ基質を加水分解する。選択肢の中で、β-D-グルクロニド構造を持つ基質は5である。この種の基質（例: X-Gluc）は、酵素反応によって発色団や蛍光物質を遊離し、大腸菌の存在を検出するために用いられる。したがって、選択肢5が正しい。
問24,衛生,"[(2,)]",○,[2],湖沼などで富栄養化が起こると、藍藻類や放線菌が異常増殖し、カビ臭の原因物質を産生することがある。代表的なカビ臭物質として、ジェオスミンと2-メチルイソボルネオール(2-MIB)が知られている。選択肢の中ではジェオスミンが該当する。クロラミン、トリハロメタンは水道水の消毒副生成物。クロロフェノールは異臭味の原因物質。ミクロシスチンは藍藻が産生する肝毒素。したがって、選択肢2が正しい。
問25,衛生,"[(2,)]",○,[2],逆転層とは、高度が上昇するにつれて気温が上昇する層のことであり、大気の鉛直混合が抑制されるため、地表付近の大気汚染物質が拡散しにくくなり、滞留を引き起こす。盆地や谷間などの地形では、夜間に山腹から冷たい空気が下降・流入して底に溜まり、地表付近に冷気層が形成されることがある。これが地形性逆転層であり、汚染物質の滞留の原因となる。したがって、選択肢2が正しい。
問26,薬理,"[(4,)]",×,[2],図はアセチルコリン(ACh)の用量反応曲線を示す。破線（ACh単独）と比較して、実線（薬物X存在下）では、同じ反応を得るために必要なACh濃度が高濃度側にシフトしており、最大反応高さは変化していない。これは、薬物XがAChの作用に対して競合的に拮抗していることを示す。選択肢の中で、AChのムスカリン受容体に対する競合的拮抗薬はアトロピンである。ヒスタミンは作動薬、ピリドスチグミンはコリンエステラーゼ阻害薬（ACh作用増強）、パパベリンは非特異的平滑筋弛緩薬、ベタネコールはムスカリン作動薬である。したがって、選択肢2が正しい。
問27,薬理,"[(1,)]",○,[1],フェニレフリンは、アドレナリンα₁受容体を選択的に刺激する作動薬である。血管平滑筋に存在するα₁受容体が刺激されると、血管が収縮し、末梢血管抵抗が増大するため、血圧が上昇する。したがって、フェニレフリンの昇圧作用の機序はアドレナリンα₁受容体刺激である。選択肢1が正しい。
問28,薬理,"[(5,)]",○,[5],ピロカルピンは、ムスカリン性アセチルコリン受容体作動薬である。眼の毛様体筋にはムスカリンM₃受容体が存在し、ピロカルピンがこれを刺激すると毛様体筋が収縮する。毛様体筋の収縮により、線維柱帯が広がり、房水の流出が促進され、眼圧が下降する。また、瞳孔括約筋も収縮し、縮瞳が起こる。したがって、ピロカルピンが毛様体筋を収縮させる機序はアセチルコリンM₃受容体刺激である。選択肢5が正しい。
問29,薬理,"[(1,)]",○,[1],ロクロニウムは、非脱分極性の神経筋遮断薬（筋弛緩薬）である。神経筋接合部において、骨格筋の終板上に存在するニコチン性アセチルコリン(N<0xE2><0x82><0x99>)受容体に対して、アセチルコリンと競合的に結合し、アセチルコリンによる筋収縮を阻害する。これにより筋弛緩作用を示す。したがって、作用点はアセチルコリンN<0xE2><0x82><0x99>受容体である。選択肢1が正しい。
問30,薬理,"[(3,)]",○,[3],"オレキシンは、視床下部から分泌される神経ペプチドであり、覚醒状態の維持に重要な役割を果たしている。オレキシン受容体（OX₁R, OX₂R）を遮断すると、オレキシンの覚醒促進作用が抑制され、睡眠が誘導される。レンボレキサントは、オレキシン受容体拮抗薬であり、不眠症の治療に用いられる。ヒドロキシジンは抗ヒスタミン薬、リルマザホンとゾピクロンはGABA<0xE2><0x82><0x90>受容体作動薬、ペントバルビタールはバルビツール酸系薬である。したがって、選択肢3が正しい。"
問31,薬理,"[(4,)]",○,[4],タンドスピロンは、アザピロン系の抗不安薬である。その主な作用機序は、脳内のセロトニン神経系に作用し、シナプス前部に存在するセロトニン5-HT₁<0xE2><0x82><0x90>自己受容体を部分作動薬として刺激することである。これにより、セロトニンの放出が抑制され、抗不安作用や抗うつ作用を示すと考えられている。したがって、作用点はセロトニン5-HT₁<0xE2><0x82><0x90>受容体である。選択肢4が正しい。
問32,薬理,"[(4,)]",○,[4],アルツハイマー型認知症では、グルタミン酸神経系の機能異常が関与していると考えられている。グルタミン酸受容体の一つであるNMDA受容体が過剰に活性化されると、神経細胞死につながる可能性がある。メマンチンは、NMDA受容体に対して低親和性の非競合的拮抗薬であり、過剰なグルタミン酸による神経細胞毒性を抑制することで、アルツハイマー型認知症の症状進行を抑制する。リバスチグミン、ドネペジル、ガランタミンはコリンエステラーゼ阻害薬。エダラボンはフリーラジカルスカベンジャー。したがって、選択肢4が正しい。
問33,薬理,"[(5,)]",○,[5],セクキヌマブは、ヒト型抗ヒトインターロイキン(IL)-17Aモノクローナル抗体である。IL-17Aは、Th17細胞などから産生される炎症性サイトカインであり、尋常性乾癬や強直性脊椎炎などの自己免疫疾患の病態形成に深く関与している。セクキヌマブはIL-17Aに結合してその作用を中和することで、これらの疾患の症状を改善する。したがって、標的分子はIL-17Aである。選択肢5が正しい。
問34,薬理,"[(1,)]",○,[1],ニコランジルは、狭心症治療薬であり、二つの主要な作用機序を持つ。一つは、ニトログリセリンなどの硝酸薬と同様に、血管平滑筋細胞内でグアニル酸シクラーゼを活性化し、サイクリックGMP (cGMP) 濃度を上昇させて血管を拡張させる作用。もう一つは、血管平滑筋細胞膜のATP感受性K⁺チャネルを開口させ、細胞膜を過分極させることにより、電位依存性Ca²⁺チャネルからのCa²⁺流入を抑制し、血管を拡張させる作用である。したがって、cGMP濃度上昇作用とK⁺チャネル開口作用を併せ持つのはニコランジルである。選択肢1が正しい。
問35,薬理,"[(5,)]",○,[5],血液凝固カスケードにおいて、第Xa因子はプロトロンビンをトロンビンに変換する重要な酵素である。アンチトロンビンは、ヘパリン類の存在下で第Xa因子やトロンビンを不活性化する生理的な凝固制御因子である。直接経口抗凝固薬(DOAC)の中には、アンチトロンビンを介さずに直接第Xa因子を阻害するものがある。これらにはリバーロキサバン、アピキサバン、エドキサバンが含まれる。選択肢の中ではエドキサバンが該当する。エノキサパリン（低分子ヘパリン）やフォンダパリヌクス（選択的Xa阻害薬）はアンチトロンビン依存的に作用する。ダビガトランは直接トロンビン阻害薬。ワルファリンはビタミンK依存性凝固因子の合成を阻害する。したがって、選択肢5が正しい。
問36,薬理,"[(3,)]",○,[3],抗悪性腫瘍薬（化学療法）による悪心・嘔吐には、急性のものと遅発性のものがある。セロトニン(5-HT)は主に急性の嘔吐に関与し、サブスタンスPは主に遅発性の嘔吐に関与すると考えられている。サブスタンスPは、脳の嘔吐中枢などに存在するタキキニンNK₁受容体に結合して作用を発現する。アプレピタントは、選択的なNK₁受容体拮抗薬であり、サブスタンスPの結合を阻害することで、特に化学療法による遅発性の悪心・嘔吐を抑制する。オンダンセトロンは5-HT₃受容体拮抗薬。ドンペリドン、メトクロプラミドはドパミンD₂受容体拮抗薬。ジメンヒドリナートは抗ヒスタミン薬。したがって、選択肢3が正しい。
問37,薬理,"[(2,)]",○,[2],トピロキソスタットは、高尿酸血症治療薬であり、尿酸の生成を抑制する作用を持つ。生体内では、プリン体が代謝されてヒポキサンチン、キサンチンを経て、最終的にキサンチンオキシダーゼ（またはキサンチンデヒドロゲナーゼ）という酵素によって尿酸に変換される。トピロキソスタットは、このキサンチンオキシダーゼを選択的に阻害することで、尿酸の生成を抑制し、血中尿酸値を低下させる。したがって、阻害するのはキサンチンオキシダーゼである。選択肢2が正しい。
問38,薬理,"[(3,)]",○,[3],プロゲステロン（黄体ホルモン）は、子宮内膜の増殖を抑制する作用を持つ。ジエノゲストは、選択的なプロゲステロン受容体作動薬であり、プロゲステロン受容体を刺激することで、子宮内膜細胞の増殖を抑制し、子宮内膜症や月経困難症の治療に用いられる。リュープロレリンはGnRHアゴニスト、タモキシフェンはSERM、エンザルタミドは抗アンドロゲン薬、デュタステリドは5α還元酵素阻害薬である。したがって、選択肢3が正しい。
問39,薬理,"[(3,)]",○,[3],バンコマイシンは、グリコペプチド系の抗菌薬であり、細菌の細胞壁合成を阻害する。その作用機序は、細胞壁の構成成分であるペプチドグリカンの前駆体（リピド中間体）に含まれるペンタペプチド鎖の末端部分、D-アラニル-D-アラニン(D-Ala-D-Ala)に特異的に結合することである。これにより、ペプチドグリカンの伸長反応（トランスグリコシル化）と架橋反応（トランスペプチダーゼ反応）の両方が阻害され、細胞壁合成が停止する。アミカシンはアミノグリコシド系、セファゾリンはセフェム系、メロペネムはカルバペネム系、ミカファンギンは抗真菌薬であり、作用機序が異なる。したがって、選択肢3が正しい。
問40,薬理,"[(2,)]",○,[2],HER2（ヒト上皮増殖因子受容体2型）は、一部の乳がん細胞で過剰に発現しており、がん細胞の増殖に関与している。トラスツズマブは、HER2に対するヒト化モノクローナル抗体であり、HER2に特異的に結合する。これにより、HER2を介した増殖シグナルを阻害したり、抗体依存性細胞傷害(ADCC)活性を誘導したりすることで、HER2陽性乳がん細胞の増殖を抑制する。エキセメスタンはアロマターゼ阻害薬、ベバシズマブは抗VEGF抗体、ダウノルビシンとブスルファンは細胞傷害性の抗がん剤である。したがって、選択肢2が正しい。
問41,薬剤,"[(5,)]",○,[5],図は、細胞外の高分子医薬品が細胞膜の陥入によって小胞に取り込まれ、細胞内に輸送される過程を示している。これはエンドサイトーシスの一種であり、特に液体成分を取り込む場合は飲作用（ピノサイトーシス）と呼ばれる。この過程は細胞膜の形態変化を伴い、エネルギーを必要とする能動的な輸送機構である。選択肢の中では膜動輸送が最も広い概念として適切であるが、具体的なプロセスとしては飲作用が考えられる。選択肢に飲作用がないため、より広範な膜動輸送（エンドサイトーシスやエキソサイトーシスを含む）を示す選択肢5が最も適切である。単純拡散、促進拡散、一次性能動輸送、二次性能動輸送は主に低分子物質の膜透過機構である。
問42,薬剤,"[(4,)]",○,[4],経口投与された薬物の多くは、主に小腸から吸収される。小腸で吸収された薬物は、毛細血管に入り、門脈と呼ばれる血管に集められる。門脈は肝臓に直接つながっており、吸収された薬物はまず肝臓を通過する（初回通過効果を受ける）。肝臓を通過した後、大静脈を経て心臓に入り、全身循環へと移行する。したがって、正しい経路は「小腸 → 門脈 → 肝臓 → 全身循環系」である。選択肢4がこれに合致する。リンパ管へ吸収される経路もあるが、門脈経由が主要経路である。胆管は肝臓から十二指腸への胆汁の経路。
問43,薬剤,"[(5,)]",○,[5],プロプラノロールは塩基性薬物であり、血漿中では主にα₁-酸性糖タンパク質(AAG)とアルブミンに結合するが、AAGへの親和性が高い。AAGは、炎症性疾患、感染症、悪性腫瘍、心筋梗塞などの際に血中濃度が上昇する急性期タンパク質の一つである。したがって、炎症性疾患時にはAAGの濃度が増加するため、プロプラノロールの結合率が変動する可能性がある。最も強く結合するのはα₁-酸性糖タンパク質である。したがって、選択肢5が正しい。
問44,薬剤,"[(2,)]",○,[2],薬物代謝は、主に第I相反応（酸化、還元、加水分解など）と第II相反応（抱合反応）に分けられる。第II相反応では、薬物またはその第I相代謝物に、グルクロン酸、硫酸、アセチル基、グリシンなどの内因性物質が付加（抱合）され、水溶性が増して排泄されやすくなる。UDP-グルクロン酸転移酵素は、グルクロン酸抱合を触媒する代表的な第II相反応酵素である。シトクロムP450、フラビン含有モノオキシゲナーゼ、アルコール脱水素酵素、モノアミン酸化酵素は、主に第I相反応に関与する酵素である。したがって、選択肢2が正しい。
問45,薬剤,"[(3,)]",×,[2],"図は腎臓のネフロンにおける物質輸送を示している。有機アニオントランスポーター(OAT)は、薬物などの有機アニオンの尿中への分泌（血液→尿細管腔）に関与する。特にOAT1とOAT3は、主に近位尿細管の基底膜側（血液側）に発現しており、血液中の有機アニオンを尿細管細胞内に取り込む輸送を担っている。図中の矢印は血液から尿細管腔への物質の移動方向を示している。近位尿細管において、血液側から細胞内への取り込みを示すのはステップ2である。ステップ3は細胞内から尿細管腔への排出を示す。したがって、OAT1, OAT3を介した薬物の輸送（取り込み）を示すのは2である。選択肢2が正しい。"
問46,薬剤,"[(4,)]",×,[2],線形1-コンパートメントモデルに従う薬物を経口投与した場合、最高血中濃度到達時間(t_max)は、吸収速度定数(ka)と消失速度定数(ke)によって決まる。一般に、吸収が速いほど（kaが大きいほど）、t_maxは短縮する。逆に、吸収が遅いほど（kaが小さいほど）、t_maxは延長する。消失速度定数(ke)が小さい（消失が遅い）ほど、t_maxは延長する傾向がある。投与量の変化は最高血中濃度(C_max)に影響するが、t_maxには直接影響しない（線形の場合）。分布容積の増大はkeを小さくする可能性があり、t_maxを延長させる方向に働く。したがって、t_maxが短縮する要因は吸収速度の上昇である。選択肢2が正しい。
問47,薬剤,"[(4,)]",○,[4],静脈内定速注入を開始後、血中濃度が定常状態(Css)に達するまでの時間は、消失半減期(t₁/₂)に依存する。血中濃度がCssの50%に達するのに t₁/₂、75%に達するのに 2 * t₁/₂、87.5%に達するのに 3 * t₁/₂、約94%に達するのに 4 * t₁/₂ かかる。問題では消失半減期が2時間であり、定常状態の75%に到達する時間を問われているため、2 * t₁/₂ = 2 * 2時間 = 4時間となる。したがって、選択肢4が正しい。
問48,薬剤,"[(4,)]",○,[4],肝クリアランス(CLh)は、肝臓を通過する血液から薬物が除去される効率を示す指標である。Well-stirred model によると、CLh = (Qh * fu * CLint) / (Qh + fu * CLint) で表される。ここで、Qhは肝血流量、fuは血漿タンパク非結合形分率、CLintは肝固有クリアランス（肝細胞自体の代謝・排泄能力）である。肝固有クリアランス(CLint)が肝血流量(Qh)と比較して十分に小さい薬物（低クリアランス薬）の場合、fu * CLint << Qh とみなせる。このとき、分母の (Qh + fu * CLint) は Qh と近似できるため、CLh ≈ (Qh * fu * CLint) / Qh = fu * CLint となる。したがって、肝クリアランスは fu * CLint に近似できる。選択肢4が正しい。
問49,薬剤,"[(5,)]",○,[5],界面活性剤は、水中で解離した際にイオン性を示す部分の電荷によって分類される。陽イオン性界面活性剤は、親水基部分が陽電荷（プラス）を帯びるもの。選択肢の中で、ベンゼトニウム塩化物は第4級アンモニウム塩であり、水中で陽イオンとなるため、陽イオン性界面活性剤である。ステアリン酸ナトリウムとラウリル硫酸ナトリウムは、カルボキシ基や硫酸エステル基が陰イオンとなるため、陰イオン性界面活性剤。ポリソルベート80はポリオキシエチレン鎖を持ち、非イオン性界面活性剤。レシチンはリン脂質であり、分子内に正電荷と負電荷の両方を持つ両性イオン性界面活性剤。したがって、選択肢5が正しい。
問50,薬剤,"[(1,)]",○,[1],流動層造粒乾燥機は、粉末原料を装置内で空気によって流動させながら、結合剤溶液を噴霧して粒子を凝集・成長させて造粒し、同時に熱風で乾燥までを行うことができる装置である。混合、造粒、乾燥の主要な工程を一つの装置内で完結できるため、工程の短縮やコンタミネーション防止に有利である。他の選択肢の装置（転動造粒機、押出し造粒機、噴霧乾燥造粒機、破砕造粒機）は、通常、混合や乾燥は別の装置や工程で行う必要がある。したがって、選択肢1が正しい。
問51,薬剤,"[(2,)]",○,[2],提示されたレオグラムは、せん断速度を上昇させたとき（上昇曲線）と下降させたとき（下降曲線）で、せん断応力とせん断速度の関係が異なる経路をたどり、ループ（ヒステリシスループ）を描いている。これは、せん断を加えることによって内部構造が破壊されて粘度が低下し、せん断を止めると時間とともに構造が再構築されて粘度が回復する性質を示すものであり、チキソトロピーと呼ばれる現象である。クリープは一定応力下での変形の時間依存性、応力緩和は一定ひずみ下での応力の時間依存性、ダイラタンシーはせん断速度の増加とともに粘度が増加する現象、コアセルベーションは相分離現象である。したがって、選択肢2が正しい。
問52,薬剤,"[(2,)]",○,[2],透析用剤は、体内に大量に注入されるため、その安全性、特に発熱性物質の混入がないことが極めて重要である。エンドトキシンは、グラム陰性菌の細胞壁成分であり、強力な発熱性物質であるため、透析液中のエンドトキシン濃度は厳しく管理されなければならない。そのため、日本薬局方の一般試験法であるエンドトキシン試験法が適用される。アルコール数測定法はエタノール濃度、重金属試験法は重金属不純物、制酸力試験法は制酸剤、溶出試験法は固形製剤からの薬物放出性を評価する試験であり、透析用剤の主要な試験法ではない。したがって、選択肢2が正しい。
問53,薬剤,"[(1,)]",○,[1],図は、カプセル内に速放性の顆粒と、放出速度が異なる複数の徐放性顆粒（コーティングの厚みを変えるなどして放出速度を制御）を混合して充填した製剤の模式図である。このような設計により、薬物の放出を持続させ、血中濃度を長時間維持することを目的としている。このタイプの放出制御型カプセル剤は、スパンズル(Spansule)型と呼ばれる。ロンタブ型は有核錠、グラデュメット型は不溶性マトリックス錠、スパスタブ型はワックスマトリックス錠、レジネート型はイオン交換樹脂を利用した製剤である。したがって、選択肢1が正しい。
問54,薬剤,"[(3,)]",○,[3],薬物の直腸からの吸収を改善するために、吸収促進剤が用いられることがある。カプリン酸ナトリウムは、炭素数10の中鎖脂肪酸ナトリウム塩であり、界面活性作用を持つ。直腸粘膜に対する作用により、薬物の透過性を高め、吸収を促進する効果が期待され、坐剤などの吸収改善に用いられることがある。アルギン酸ナトリウムは基剤、安息香酸ナトリウムは保存剤、チオグリコール酸は還元剤（脱毛剤など）、プロカイン塩酸塩は局所麻酔薬である。したがって、選択肢3が正しい。
問55,薬剤,"[(1,)]",○,[1],能動的ターゲティングは、薬物やそのキャリア（リポソームなど）を特定の細胞や組織に選択的に送達する技術である。レクチンは、特定の糖鎖構造を認識して結合するタンパク質の総称であり、細胞表面にも様々なレクチンが存在する。したがって、薬物やキャリアに特定の糖鎖を修飾基として導入することで、標的細胞上のレクチンに認識させて結合させ、選択的な取り込み（ターゲティング）を達成することができる。ポリペプチド、長鎖不飽和脂肪酸、オリゴヌクレオチド、ポリエチレングリコールも修飾に用いられることがあるが、レクチンによる認識機構を利用する場合は糖鎖がリガンドとなる。したがって、選択肢1が正しい。
問56,病態,"[(2,)]",○,[2],ドキソルビシンは、アントラサイクリン系の抗悪性腫瘍薬であり、強力な抗がん作用を持つ一方で、用量依存的な心毒性が重大な副作用として知られている。ドキソルビシンは心筋細胞に蓄積し、フリーラジカル産生やミトコンドリア機能障害などを介して心筋細胞の壊死を引き起こし、心筋症やうっ血性心不全を誘発する可能性がある。アミオダロン、エナラプリル、ビソプロロールは心不全治療にも用いられる薬物（副作用に注意は必要）。ピオグリタゾンは糖尿病治療薬で、副作用として心不全のリスクがあるが、直接的な心筋壊死が主たる機序ではない。したがって、選択肢2が正しい。
問57,病態,"[(2,)]",○,[2],デキストラン硫酸を固定化したカラムを用いたアフェレシス（LDL吸着療法など）では、血液が体外循環中にデキストラン硫酸と接触する。デキストラン硫酸は負に荷電しており、血液凝固系のカリクレイン-キニン系を活性化し、ブラジキニンの産生を促進する可能性がある。一方、ACE（アンジオテンシン変換酵素）阻害薬（例：エナラプリルマレイン酸塩）は、ブラジキニンの分解を抑制する作用を持つ。そのため、デキストラン硫酸を用いたアフェレシス施行中にACE阻害薬を投与すると、血中のブラジキニン濃度が急激に上昇し、アナフィラキシー様症状（血圧低下、ショックなど）を引き起こす危険性が高いため、投与は禁忌とされている。したがって、選択肢2が正しい。
問58,病態,"[(4,)]",○,[4],WPW (Wolff-Parkinson-White) 症候群は、心房と心室の間に正常な房室結節（刺激伝導を遅らせる）を迂回する副伝導路（ケント束）が存在する先天性の疾患である。この副伝導路を通って心房からの興奮が心室へ早期に伝わるため、心室の早期興奮が生じる。心電図上では、PQ時間の短縮とデルタ波（QRS波の立ち上がりのなまり）が特徴的である。Adams-Stokes症候群は徐脈性不整脈による失神、Brugada症候群やQT延長症候群は致死性不整脈のリスク、洞不全症候群は洞結節の機能不全である。したがって、選択肢4が正しい。
問59,病態,"[(1,)]",○,[1],急性心筋梗塞(AMI)は、冠動脈の閉塞により心筋への血流が途絶え、心筋が壊死する疾患である。多くの場合、冠動脈内のアテローム硬化プラークの破綻とそれに伴う血栓形成が原因となる。AMIの初期治療では、心筋壊死の範囲を最小限に抑えるために、可及的速やかに冠動脈の再灌流（血流再開）を図るとともに、血栓の拡大や再閉塞を予防することが重要である。アスピリンは、血小板のシクロオキシゲナーゼを阻害してトロンボキサンA₂の産生を抑制し、血小板凝集を抑制する抗血小板薬であり、AMIの初期治療において不可欠な薬剤の一つである。したがって、選択肢1が正しい。
問60,病態,"[(5,)]",×,[3],重症筋無力症(MG)は、神経筋接合部におけるアセチルコリン受容体に対する自己抗体によって、神経から筋肉への信号伝達が障害される自己免疫疾患である。主な症状は、骨格筋の易疲労性（反復運動や時間の経過とともに筋力が低下し、休息により回復する）と筋力低下である。特に、眼瞼下垂や複視（物が二重に見える）といった眼症状が高頻度にみられ、初期症状となることも多い。また、嚥下障害、構音障害、四肢の筋力低下なども起こりうる。したがって、選択肢3の嚥下障害はMGで認められる症状である。（他の選択肢：突発性発熱、前向性健忘、振戦、構音障害はMGの典型的症状ではないか、嚥下障害の方がより代表的）
問61,病態,"[(1,)]",○,[1],喀血とは、気道（喉頭、気管、気管支、肺）からの出血が、咳とともに排出されることである。気管支拡張症は、気管支壁の破壊と不可逆的な拡張を特徴とする疾患であり、拡張した気管支壁には異常な血管新生が見られることがある。これらの血管は脆弱で破れやすく、喀血の原因となる。出血性腸炎、くも膜下出血、胃潰瘍、食道逆流症は、それぞれ消化管、脳、消化管、消化管の疾患であり、喀血ではなく、吐血、下血、脳出血などを引き起こす。したがって、選択肢1が正しい。
問62,病態,"[(3,)]",○,[3],痛風発作は、関節内に析出した尿酸ナトリウム結晶に対する急性の炎症反応であり、激しい痛みを伴う関節炎を引き起こす。痛風発作の治療の目的は、この急性の炎症と痛みを速やかに鎮静化することである。治療薬としては、非ステロイド性抗炎症薬(NSAIDs)、コルヒチン、副腎皮質ステロイドが用いられる。ナプロキセンはNSAIDsの一つであり、痛風発作の治療に適応がある。アロプリノールやフェブキソスタットなどの尿酸降下薬は、発作時には原則として新規に開始したり増量したりしない（炎症を増悪させる可能性があるため）。ラスブリカーゼは腫瘍崩壊症候群など、クエン酸カリウム・クエン酸ナトリウムは尿路結石予防などに用いる。ダパグリフロジンは糖尿病治療薬。したがって、選択肢3が正しい。
問63,病態,"[(1,)]",○,[1],慢性甲状腺炎（橋本病）は、甲状腺に対する自己免疫反応によって甲状腺組織が破壊され、甲状腺機能低下症を引き起こす代表的な自己免疫疾患である。診断においては、甲状腺腫大や甲状腺機能低下の所見に加え、自己抗体の検出が重要となる。橋本病に特異的な自己抗体として、抗甲状腺ペルオキシダーゼ(TPO)抗体と抗サイログロブリン抗体がある。これらの抗体が陽性であれば、橋本病の診断的価値が高い。抗TSH受容体抗体はバセドウ病、抗GAD抗体は1型糖尿病、抗アセチルコリン受容体抗体は重症筋無力症、抗CCP抗体は関節リウマチで陽性となることが多い。したがって、選択肢1が正しい。
問64,病態,"[(2,)]",○,[2],シクロスポリンは、カルシニューリン阻害薬であり、T細胞の活性化を抑制する免疫抑制薬である。その点眼液は、眼のアレルギー性疾患や炎症性疾患の治療に用いられる。特に、アトピー性角結膜炎や春季カタルといった、難治性のアレルギー性結膜疾患において、ステロイド抵抗性または依存性の症例に対して有効性が示されている。白内障、感染性角膜炎、加齢黄斑変性、緑内障は、シクロスポリン点眼液の主な適応疾患ではない。したがって、選択肢2が正しい。
問65,病態,"[(1,)]",○,[1],感染症の伝播経路には、接触感染、飛沫感染、空気感染（飛沫核感染）、媒介物感染などがある。空気感染は、感染者の咳やくしゃみなどによって放出された病原体を含む微粒子（飛沫核、5μm以下）が、空気中に長時間浮遊し、それを吸い込むことによって感染する経路である。空気感染する代表的なウイルス感染症として、麻疹（はしか）、水痘（みずぼうそう）、結核（細菌感染症だが）が挙げられる。風しん、流行性耳下腺炎（ムンプス）、インフルエンザは主に飛沫感染。HIV感染症は血液・体液感染。したがって、選択肢1が正しい。
問66,病態,"[(1,)]",○,[1],播種性血管内凝固症候群(DIC)は、様々な基礎疾患により、全身の細小血管内で微小血栓が多発し、凝固因子と血小板が過剰に消費される病態である。その結果、凝固系の亢進と抑制（消費による）、線溶系の亢進が同時に起こる。検査所見としては、①血小板数の減少、②フィブリノーゲンの減少、③プロトロンビン時間(PT)および活性化部分トロンボプラスチン時間(APTT)の延長、④フィブリン/フィブリノーゲン分解産物(FDP)およびD-ダイマーの増加、⑤アンチトロンビンの減少などが認められる。選択肢1のアンチトロンビンの減少はDICで認められる所見である。選択肢2はFDPの減少（正しくは増加）、選択肢3は血小板数の増加（正しくは減少）、選択肢4はプラスミノゲンの増加（正しくは消費により減少傾向）、選択肢5はPTの短縮（正しくは延長）であり、誤り。したがって、選択肢1が正しい。
問67,病態,"[(4,)]",○,[4],特発性肺線維症(IPF)は、原因不明の進行性の肺線維化を特徴とする予後不良な間質性肺炎である。IPFの治療薬として、病態の進行を抑制する効果が認められている抗線維化薬が用いられる。現在、IPFに適応を持つ抗線維化薬として、ピルフェニドンとニンテダニブがある。選択肢の中ではピルフェニドンが該当する。アペマシクリブ、ゲフィチニブ、ブレオマイシンは抗悪性腫瘍薬。インターフェロンアルファは抗ウイルス薬や抗腫瘍薬として用いられる。したがって、選択肢4が正しい。
問68,病態,"[(3,)]",○,[3],胆石症による疝痛発作は、胆嚢や胆管の平滑筋が痙攣することによって引き起こされる激しい痛みである。疼痛緩和のためには、鎮痛薬とともに、平滑筋の痙攣を抑える鎮痙薬が用いられる。ブチルスコポラミン臭化物は、抗コリン作用を持つ鎮痙薬であり、消化管や胆道系の平滑筋を弛緩させる作用があるため、胆石疝痛の治療に用いられる。ウルソデオキシコール酸は胆石溶解薬であり、発作時の対症療法ではない。エストラジオールはホルモン剤、ベザフィブラートは脂質異常症治療薬。モルヒネは強力な鎮痛薬だが、Oddi括約筋を収縮させる作用があるため、胆石疝痛には慎重に使用される。NSAIDsも鎮痛目的で用いられる。選択肢の中では、鎮痙薬であるブチルスコポラミン臭化物が最も適切と考えられる。したがって、選択肢3が正しい。
問69,病態,"[(4,)]",○,[4],"医薬品情報源は、情報の種類や加工の程度によって、一次資料、二次資料、三次資料に分類される。一次資料は、オリジナルの研究成果や報告が直接記載されたものであり、学術雑誌に掲載された原著論文などが代表例である。二次資料は、一次資料を検索しやすいように整理・加工したもので、索引誌や抄録誌（例: PubMed, MEDLINE, 医中誌Web）などが該当する。三次資料は、一次資料や二次資料から情報を収集・評価・要約して作成されたもので、教科書、レビュー論文、ガイドライン、医薬品添付文書、医薬品インタビューフォームなどが含まれる。したがって、一次資料は原著論文である。選択肢4が正しい。"
問70,病態,"[(1,)]",○,[1],レジオネラ・ニューモフィラは、細胞内寄生性細菌であり、レジオネラ肺炎を引き起こす。細胞内に侵入して増殖するため、治療には細胞内移行性の高い抗菌薬が必要となる。レジオネラ肺炎に対して有効性が高いとされる抗菌薬は、ニューキノロン系（レボフロキサシン、シプロフロキサシン、モキシフロキサシンなど）、マクロライド系（アジスロマイシン、エリスロマイシンなど）、およびリファンピシンである。選択肢の中では、シプロフロキサシンがニューキノロン系抗菌薬であり、レジオネラ肺炎に対して有効性が期待できる。タゾバクタム・ピペラシリン、メロペネム、アミカシン、バンコマイシンは、レジオネラに対する抗菌活性が低いか、細胞内移行性が悪いため、通常は第一選択とはならない。したがって、選択肢1が正しい。
問71,法規,"[(2,)]",○,[2],薬剤師法第9条第1項に基づき、薬剤師は、厚生労働省令で定める2年ごとの年の12月31日現在における氏名、住所その他厚生労働省令で定める事項を、翌年1月15日までに、その住所地の都道府県知事を経由して厚生労働大臣に届け出なければならない。薬剤師法施行規則第6条で定められている届出事項には、氏名、生年月日、性別、登録番号・年月日、住所、従事場所、業務種別などが含まれる。選択肢の中では住所が該当する。個人番号（マイナンバー）、認定薬剤師の資格、国家試験合格の年、再教育研修の受講の有無は、この届出事項には含まれていない。したがって、選択肢2が正しい。
問72,法規,"[(3,)]",○,[3],医薬品、医療機器等の品質、有効性及び安全性の確保等に関する法律（医薬品医療機器等法）において、薬局で購入できる医薬品は、処方箋に基づいて調剤される「医療用医薬品」と、処方箋なしで購入できる「要指導医薬品」および「一般用医薬品」に大別される。同法第36条の10第1項では、「薬局医薬品」の定義として「要指導医薬品及び一般用医薬品以外の医薬品（専ら動物のために使用されることが目的とされているものを除く。）をいう。」と規定されている。これは実質的に医療用医薬品を指している。しかし、問題文の「薬局医薬品」が、薬局で取り扱う医薬品全体を指し、その分類として「要指導医薬品」と「A」と「それ以外の医薬品（医療用医薬品）」がある、という文脈で解釈すると、Aには「一般用医薬品」が入る。設問の「『薬局医薬品』とは、『要指導医薬品及び【A】以外の医薬品をいう。』」という定義は、法第36条の10第1項の定義そのものであり、この文脈では「薬局医薬品」＝「医療用医薬品」を指すため、Aには「一般用医薬品」が入る。したがって、選択肢3が正しい。
問73,法規,"[(2,)]",○,[2],医薬品の製造販売承認申請のために行われる非臨床試験（動物を用いた毒性試験、薬理試験、薬物動態試験など）の信頼性を確保するための基準として、「医薬品の安全性に関する非臨床試験の実施の基準に関する省令」（GLP省令）が定められている。GLP (Good Laboratory Practice) は、試験施設、操作手順、記録、報告などに関する基準を定めており、試験結果の信頼性を保証するものである。GCP (Good Clinical Practice) は臨床試験（治験）の基準、GMP (Good Manufacturing Practice) は医薬品の製造管理・品質管理基準、GQP (Good Quality Practice) は医薬品の品質管理基準、GVP (Good Vigilance Practice) は製造販売後安全管理基準である。したがって、一般毒性試験の実施に際して遵守すべき基準はGLPである。選択肢2が正しい。
問74,法規,"[(3,)]",×,[1],毒物及び劇物取締法第12条第1項及び同法施行規則第11条により、毒物を収めた容器及び被包には、「医薬用外」の文字と、「毒物」の文字を表示しなければならないと定められている。さらに、「毒物」の文字の表示方法として、「地は白色、文字は赤色」と規定されている。したがって、白地に赤色をもって「毒物」の文字を表示する必要がある。選択肢1が正しい。
問75,法規,"[(5,)]",○,[5],医薬品副作用被害救済制度は、医薬品を適正に使用したにもかかわらず発生した副作用による健康被害（入院治療が必要な程度の疾病や障害など）を受けた人に対して、医療費、障害年金、遺族年金などの給付を行う公的な制度である。この制度に基づく給付の請求は、健康被害を受けた本人またはその遺族が、独立行政法人医薬品医療機器総合機構(PMDA)に対して行う。PMDAが請求内容を審査・判定し、その結果に基づき厚生労働大臣が給付の可否を決定し、PMDAが給付業務を実施する。したがって、図中のA、すなわち健康被害者が給付を請求する先は、独立行政法人医薬品医療機器総合機構(PMDA)である。選択肢5が正しい。
問76,法規,"[(2,)]",○,[2],保険診療と保険外診療の併用（混合診療）は原則として禁止されているが、例外的に認められているものとして「保険外併用療養費」制度がある。これには「評価療養」と「選定療養」が含まれる。評価療養は、将来的に保険適用とするかどうかの評価を行うものであり、先進医療や、医薬品・医療機器の治験に係る診療、薬事承認後で保険収載前の医薬品・医療機器の使用などが該当する。選定療養は、患者の選択によるもので、特別の療養環境（差額ベッド）、予約診療、時間外診療、紹介状なしでの大病院受診などが該当する。出産（正常分娩）は原則として保険適用外である。したがって、評価療養の対象となるのは、医薬品の治験に係る診療である。選択肢2が正しい。
問77,法規,"[(1,)]",○,[1],介護保険制度において、第2号被保険者（40歳以上65歳未満の医療保険加入者）が要介護（要支援）認定を受けることができるのは、老化に起因する特定の疾病（特定疾病）が原因である場合に限られる。特定疾病は、がん（末期）、関節リウマチ、筋萎縮性側索硬化症(ALS)、後縦靱帯骨化症、骨折を伴う骨粗鬆症、初老期における認知症、進行性核上性麻痺・大脳皮質基底核変性症・パーキンソン病、脊髄小脳変性症、脊柱管狭窄症、早老症、多系統萎縮症、糖尿病性神経障害・腎症・網膜症、脳血管疾患、閉塞性動脈硬化症、慢性閉塞性肺疾患(COPD)、両側の膝関節又は股関節に著しい変形を伴う変形性関節症の16種類が定められている。選択肢の中では、関節リウマチが特定疾病に該当する。結核、C型肝炎、高血圧症、脂質異常症は特定疾病ではない。したがって、選択肢1が正しい。
問78,法規,"[(3,)]",×,[1],ジュネーブ宣言は、1948年に世界医師会(WMA)で採択された、現代における医師の倫理規範を示す宣言であり、「ヒポクラテスの誓い」の現代版とされる。その内容は、医師が専門職としての責務を果たす上での倫理的な原則を述べたものであり、患者の健康と福祉を第一に考えること、患者の秘密を守ること、人種・宗教・国籍・社会的地位などによって差別しないことなどが盛り込まれている。宣言全体を通じて、患者の利益と尊厳を守ることが医師の最も重要な義務であることが強調されており、その根幹は「患者の権利」や「患者の最善の利益」を尊重する姿勢にあると言える。生命倫理の4原則や医師の遵守すべき倫理も関連するが、宣言の核心は患者中心の倫理である。したがって、選択肢1が最も適切である。
問79,法規,"[(2,)]",○,[2],1980年代後半以降、脳外科手術などで用いられたヒト乾燥硬膜（ライオデュラなど）を介して、プリオン病であるクロイツフェルト・ヤコブ病(CJD)に感染する事例が世界的に多発し、日本でも多数の患者が発生した。この薬害CJD問題は、生物由来の原料を用いた医薬品や医療機器の安全性確保の重要性を改めて認識させ、その後の安全対策強化や、被害者救済制度の整備につながった。生物由来製品感染等被害救済制度は、薬害エイズや薬害CJDなどの教訓を踏まえ、生物由来製品による感染被害者の迅速な救済を図るために創設された。したがって、乾燥硬膜による感染で制度創設の契機となったのはクロイツフェルト・ヤコブ病である。選択肢2が正しい。
問80,法規,"[(2,)]",○,[2],傾聴は、相手の話を注意深く、共感的に聴くコミュニケーション技法であり、円滑な人間関係の構築に不可欠である。傾聴の基本的な技能や態度には、受容（相手を評価せず受け入れる）、共感（相手の感情を理解しようとする）、繰り返し（相手の言葉を繰り返す）、言い換え、要約、質問、そして非言語的な要素（相槌、うなずき、視線、姿勢など）が含まれる。ミラーリングは、相手の言葉や感情、非言語的なしぐさなどを鏡のように模倣したり、繰り返したりする技法であり、相手への共感や理解を示す効果があるとされる。ブロッキングは話を遮ること、エンコーディングは話し手側の情報記号化、パターナリズムは一方的な指導的態度、デコーディングは聞き手側の情報解読であり、傾聴の技法・態度としてはミラーリングが適切である。したがって、選択肢2が正しい。
問81,実務,"[(5,)]",○,[5],イコサペント酸エチル(EPA)は、ω-3系多価不飽和脂肪酸であり、血中の中性脂肪を低下させる作用のほか、血小板凝集抑制作用を持つ。そのため、血液を固まりにくくし、出血傾向を助長する可能性がある。特に、抗凝固薬や他の抗血小板薬と併用する場合には注意が必要である。センノシドは刺激性下剤、ロペラミド塩酸塩は止瀉薬、ミノキシジルは血管拡張作用を持つ発毛剤、フェキソフェナジン塩酸塩は抗ヒスタミン薬であり、これらは直接的な出血リスクの増加とは関連が薄い。したがって、出血傾向に最も注意が必要なのはイコサペント酸エチルである。選択肢5が正しい。
問82,実務,"[(4,)]",○,[4],薬剤の服用時点は、薬物動態や薬力学的な特性、食事の影響などを考慮して決められる。食前服用が指示される薬剤には、食事によって吸収が低下するもの（一部の抗菌薬など）、食後の血糖上昇を抑える目的の薬剤（α-GI、速効型インスリン分泌促進薬など）、胃酸の影響を避けるもの、食前に効果を発揮させたいもの（一部の消化機能改善薬など）がある。選択肢の中で、エパルレスタットはアルドース還元酵素阻害薬であり、糖尿病性末梢神経障害に用いられる。食事による吸収への影響は少ないとされるが、食後の高血糖に伴うソルビトール蓄積を抑制する目的で、通常、毎食前に服用する。セレコキシブ(NSAIDs)、イマチニブ(分子標的薬)、メナテトレノン(ビタミンK₂)、イトラコナゾール(抗真菌薬)は、一般的に食後または食直後に服用されることが多い。したがって、選択肢4が正しい。
問83,実務,"[(2,)]",○,[2],居宅療養管理指導は、通院が困難な在宅患者に対して、医師、歯科医師、薬剤師、管理栄養士などが居宅を訪問して療養上の管理や指導を行う介護保険サービスである。薬剤師が行う居宅療養管理指導では、服薬管理、副作用モニタリング、薬に関する相談・指導などを行う。ケアプラン（居宅サービス計画）は、利用者の心身の状況や希望に基づき、必要なサービスの種類や内容を定めた計画であり、主に介護支援専門員（ケアマネジャー）が作成する。薬剤師は、ケアプラン作成に必要な情報（患者の服薬状況、薬学的評価、副作用リスク、服薬に関する留意点など）を、介護支援専門員に提供する義務がある。これにより、多職種が連携して適切なケアを提供することが可能となる。したがって、情報提供しなければならない職種は介護支援専門員である。選択肢2が正しい。
問84,実務,"[(1,)]",○,[1],災害派遣医療チーム(DMAT: Disaster Medical Assistance Team)は、大規模な災害や事故が発生した際に、被災地に迅速に駆けつけ、災害急性期（概ね発災から48時間以内）に救命医療を中心とした医療活動を行う専門的な訓練を受けた医療チームである。DMATの主な活動内容は、①現場での情報収集と伝達、②トリアージ（傷病者の重症度・緊急度判定と選別）、③現場や域内搬送拠点での応急治療、④患者の広域医療搬送などである。これらの活動の中で、限られた医療資源を最大限に活用し、一人でも多くの命を救うためのトリアージと、それに基づく応急治療や搬送の判断・実施が最も優先されるべき活動である。広域医療搬送対象患者の選出は、トリアージと搬送判断の中核となる活動である。PTSDの診療や長期的な医療支援、一般用医薬品の販売、復興支援は、急性期以降の活動や他の組織の役割となる。したがって、選択肢1が正しい。
問85,実務,"[(5,)]",○,[5],透析療法を受けている患者は、腎機能が著しく低下しているため、腎臓から排泄される薬物や、体内に蓄積しやすいミネラル成分の投与には注意が必要である。特に、マグネシウムやアルミニウムを含む製剤は、体内に蓄積して高マグネシウム血症やアルミニウム骨症・脳症などの重篤な副作用を引き起こすリスクがあるため、原則として避けるべきである。スクラルファートは、消化性潰瘍治療薬であり、その成分にアルミニウムが含まれているため、透析患者への投与は禁忌または慎重投与とされていることが多い。一般用医薬品としてもアルミニウムを含む胃腸薬などが存在するため、販売時には注意が必要である。ロペラミド塩酸塩（止瀉薬）、テプレノン（胃粘膜保護薬）、乾燥酵母（整腸薬、ただしリン含有に注意）、トリメブチンマレイン酸塩（消化管運動調整薬）は、アルミニウムやマグネシウムを含まないが、個々の患者の状態に応じて医師への相談が推奨される。したがって、販売を避けるべき成分としてスクラルファートが挙げられる。選択肢5が正しい。
問86,実務,"[(5,)]",○,[5],学校薬剤師は、学校保健安全法に基づき、学校における保健管理に関する専門的事項に関し、技術及び指導に従事する。その職務内容は、学校保健安全法施行規則第24条に定められており、主に①学校環境衛生（教室等の空気、飲料水、プール水、給食施設、排水などの検査や指導助言）、②医薬品その他環境衛生に関する物資及び用具の管理に関する指導助言、③健康相談、④保健指導（薬物乱用防止教育、感染症予防、アレルギー対応など）である。保健室内での調剤、医薬品の販売、ワクチンの投与は医師や看護師の業務であり、学校薬剤師の職務ではない。土壌の放射能汚染検査は専門機関が行う。薬物乱用防止のための教育は、学校薬剤師の重要な職務の一つである。したがって、選択肢5が正しい。
問87,実務,"[(4,)]",○,[4],周術期（手術前後）は、手術侵襲や術後の安静臥床などにより、静脈血栓塞栓症（深部静脈血栓症や肺血栓塞栓症）のリスクが高まる時期である。薬剤の中には、血液凝固能を亢進させ、血栓塞栓症のリスクをさらに高めるものがある。特に、エストロゲン（卵胞ホルモン）を含む薬剤（経口避妊薬やホルモン補充療法薬）は、凝固因子を増加させ、線溶系を抑制する作用があり、血栓リスクを有意に上昇させることが知られている。ドロスピレノン・エチニルエストラジオールは、黄体ホルモン（ドロスピレノン）と卵胞ホルモン（エチニルエストラジオール）の配合剤であり、経口避妊薬として用いられる。したがって、この薬剤は周術期の血栓塞栓症リスクを最も高める可能性がある。メトホルミン、サクビトリルバルサルタン、ダパグリフロジン、セマグルチドは、主に糖尿病や心不全の治療薬であり、血栓リスクを直接的に高める作用は知られていない。したがって、選択肢4が正しい。
問88,実務,"[(4,)]",○,[4],CTCAE (Common Terminology Criteria for Adverse Events) は、米国国立がん研究所(NCI)が作成・公開している、がん治療などの臨床試験において発生する有害事象（副作用）の重症度（グレード）を、客観的かつ統一的に評価・記録するための基準である。グレード1（軽症）からグレード5（死亡）までの5段階で評価される。臨床試験だけでなく、市販後の安全性評価など、医学研究や診療において広く用いられている。したがって、CTCAEが用いられる指標は、医薬品による有害事象の重症度である。選択肢4が正しい。
問89,実務,"[(3,)]",○,[3],医薬品医療機器等法第68条の10に基づき、医薬関係者（医師、歯科医師、薬剤師など）は、医薬品の副作用によるものと疑われる健康被害の発生を知った場合、厚生労働大臣（実際にはPMDA）に報告することが求められている（医薬品安全性情報報告制度）。報告書に記載すべき項目は、報告様式で定められており、①患者に関する情報（イニシャル、年齢、性別など、個人を特定できない範囲で）、②副作用に関する情報（症状、発現日、転帰、重篤度、因果関係評価など）、③被疑薬に関する情報（医薬品名、投与量、投与期間、投与理由など）、④報告者に関する情報などが含まれる。患者のプライバシー保護のため、氏名は記載しない。副作用の発現期間は重要な情報である。患者の生年月日も年齢確認のために記載されることが多い。家族の副作用歴や被疑薬の製造番号は、必須項目ではない場合が多いが、関連性が疑われる場合には記載が推奨される。したがって、記載項目として必須または重要なのは、患者の生年月日、副作用の発現期間である。選択肢の中で必須項目として挙げられるのは、患者の生年月日と副作用の発現期間。問題は「記載項目はどれか」であり、複数正解の可能性もあるが、一般的に副作用報告で必須とされる情報として、患者の生年月日(1)と副作用の発現期間(3)が挙げられる。しかし、1つ選ぶ形式であれば、副作用の詳細な経過を示す「副作用の発現期間」がより重要と考えられる場合もあるし、患者を識別するための「生年月日」も重要。ここでは、副作用の具体的な状況を示す「副作用の発現期間」を選択する。ただし、生年月日も記載項目である。設問の意図を汲み、最も基本的な患者情報である生年月日を選択する。いや、副作用報告において、いつからいつまで副作用が続いたかという「発現期間」は極めて重要な情報である。生年月日も重要だが、副作用自体の情報として発現期間は欠かせない。よって3を選択する。
問90,実務,"[(2,)]",○,[2],腫瘍崩壊症候群(TLS: Tumor Lysis Syndrome)は、化学療法や放射線治療などにより感受性の高い腫瘍細胞が急速に破壊され、細胞内の成分（カリウム、リン、核酸など）が大量に血液中に放出されることによって生じる代謝異常の総称である。放出された核酸は代謝されて尿酸となり、高尿酸血症を引き起こす。高尿酸血症は、尿酸結晶の析出による急性腎障害（尿酸腎症）の原因となる。TLSの予防および治療においては、十分な輸液による体液管理とともに、高尿酸血症対策が重要となる。高尿酸血症の予防・治療には、尿酸生成抑制薬であるキサンチンオキシダーゼ阻害薬（アロプリノール、フェブキソスタット）や、尿酸分解酵素製剤（ラスブリカーゼ）が用いられる。選択肢の中では、フェブキソスタットが該当する。ウルソデオキシコール酸は胆汁酸製剤、メトトレキサートは抗がん剤・免疫抑制薬、ラモセトロン塩酸塩は制吐薬、タクロリムスは免疫抑制薬である。したがって、選択肢2が正しい。
問91,物理,"[(1, 2)]",○,"[1, 2]","熱力学第一法則 ΔU = Q + W (W: 系がされた仕事) または ΔU = Q - W' (W': 系がした仕事) に基づいて判断する。
1. 理想気体の定温過程では内部エネルギー変化 ΔU = 0。よって Q = -W = W' となり、系に加えられた熱量は系がする仕事に等しい。正しい。
2. 熱力学第一法則の定義 ΔU = Q + W そのものである。Q は系に加えられた熱量、W は系がされた仕事。正しい。
3. 断熱過程では Q = 0。ΔU = W。体積が増加する場合、系は外部に仕事をする (W' > 0) ため、系がされる仕事 W は負 (W < 0)。よって ΔU < 0 となり、内部エネルギーは減少する。誤り。
4. 内部エネルギー U は状態量であり、経路に依存しない。熱 Q と仕事 W は経路関数である。誤り。
5. 系が外部に対してする仕事は、可逆過程において最大となる。不可逆過程での仕事は可逆過程より小さい。誤り。"
問92,物理,"[(1, 4)]",○,"[1, 4]","ファントホッフの式は d(ln K)/d(1/T) = -ΔH°/R で表され、ln K を 1/T に対してプロットすると直線関係が得られる (ΔH° と ΔS° が温度によらず一定と仮定した場合)。
1. 横軸に温度の逆数 (1/T)、縦軸に平衡定数の自然対数 (ln K) をプロットしたものがファントホッフプロットである。正しい。
2. プロットの式は ln K = (-ΔH°/R)(1/T) + (ΔS°/R)。傾きは -ΔH°/R、切片 (1/T = 0 の外挿値) は ΔS°/R である。切片からは標準反応エントロピー ΔS° が求まり、傾きから標準反応エンタルピー ΔH° が求まる。誤り。
3. 傾き (-ΔH°/R) からは標準反応エンタルピー ΔH° が求まる。誤り。
4. 吸熱反応では ΔH° > 0。したがって、傾き -ΔH°/R は負となる。正しい。
5. 傾きが正 (-ΔH°/R > 0) ということは、ΔH° < 0 (発熱反応) である。温度が上がる (T が増加する、1/T が減少する) と、ln K は傾きが正なので減少する。つまり平衡定数は小さくなる。誤り。"
問93,物理,"[(3,)]",○,[3],"ボルツマン分布によると、エネルギー準位 E₁ にある分子数 N₁ とエネルギー準位 E₂ にある分子数 N₂ の比 R = N₂/N₁ は、R = exp(-(E₂ - E₁)/kT) = exp(-ΔE/kT) で与えられる。ここで k はボルツマン定数、T は絶対温度、ΔE = E₂ - E₁ はエネルギー差である。
ΔE = 0 のとき、R = exp(0) = 1 となる。
ΔE が増加すると、指数部分 -ΔE/kT は負の方向に大きくなるため、R は指数関数的に減少し、0 に漸近する。
したがって、グラフは ΔE = 0 で R = 1 となり、ΔE の増加とともに指数関数的に減少する曲線を描く。選択肢3のグラフがこの関係を正しく表している。"
問94,物理,"[(1, 2)]",○,"[1, 2]","ミカエリス・メンテン式 v = Vmax[S] / (Km + [S]) に関する記述を評価する。
1. 酵素反応速度 v は、生成物 P の濃度増加速度 d[P]/dt、または基質 S の濃度減少速度 -d[S]/dt として定義される。正しい。
2. ミカエリス・メンテン式は、酵素基質複合体 ES の濃度が時間的に変化しないという定常状態近似 (d[ES]/dt = 0) を用いて導出される。この近似のもとでの反応速度が v である。正しい。
3. [S] = 2Km をミカエリス・メンテン式に代入すると、v = Vmax(2Km) / (Km + 2Km) = Vmax(2Km) / (3Km) = (2/3)Vmax となる。1/4 Vmax ではない。誤り。
4. Km はミカエリス定数であり、複数の速度定数 (k₁, k₋₁, k₂) から構成される (Km = (k₋₁ + k₂)/k₁)。速度定数は温度に依存するため (アレニウスの式など)、Km も温度に依存する。誤り。
5. Km は酵素と基質の親和性の指標として用いられることがある。Km が小さいほど、低い基質濃度で反応速度が Vmax/2 に達することを意味し、一般に酵素と基質の親和性が高いことを示す。記述は逆。誤り。"
問95,物理,"[(1, 3)]",○,"[1, 3]","⁹⁹Mo/⁹⁹ᵐTc ジェネレーターに関する記述を評価する。⁹⁹Mo (親核種、半減期 T₁ ≈ 66 h) は β⁻ 壊変して ⁹⁹ᵐTc (娘核種、半減期 T₂ ≈ 6 h) になる。
1. 放射平衡は親核種の半減期 T₁ が娘核種の半減期 T₂ より長い (T₁ > T₂) 場合に起こる。特に T₁ が T₂ より「十分長い」(T₁ >> T₂) 場合を永続平衡、T₁ は T₂ より長いが差がそれほど大きくない場合を過渡平衡という。⁹⁹Mo/⁹⁹ᵐTc は T₁ > T₂ なので放射平衡（特に過渡平衡）が成り立つ。記述は永続平衡の条件に近いが、広義の放射平衡の成立条件 (T₁ > T₂) を含むと解釈すれば正しい。
2. ⁹⁹Mo と ⁹⁹ᵐTc の半減期比は約 11 であり、「十分長い」とは言えないため、永続平衡ではなく過渡平衡が成り立つ。誤り。
3. ⁹⁹ᵐTc の「m」は準安定核異性体 (metastable isomer) を意味する。⁹⁹ᵐTc はガンマ線放出を伴う核異性体転移 (IT) によって、より安定な ⁹⁹Tc に壊変する。正しい。
4. ミルキングとは、ジェネレーターから娘核種 (⁹⁹ᵐTc) を溶出液で選択的に回収する操作のこと。親核種 (⁹⁹Mo) を溶出するのではない。誤り。
5. ⁹⁹Mo/⁹⁹ᵐTc ジェネレーターのカラム担体には通常、アルミナ (Al₂O₃) が用いられる。Tl 添加 NaI 単結晶は放射線検出器（シンチレーター）の材料。誤り。"
問96,物理,"[(4,)]",○,[4],"最終的なアンモニア水溶液の pH から逆算して、最初に採取した 28% アンモニア水の体積を求める。
1. 最終溶液のアンモニア濃度 C の計算：pH = 11.0 より pOH = 14.0 - 11.0 = 3.0。[OH⁻] = 10⁻³·⁰ mol/L。アンモニアの塩基解離平衡 NH₃ + H₂O ⇄ NH₄⁺ + OH⁻ において、Kb = [NH₄⁺][OH⁻] / [NH₃] = 1.7 × 10⁻⁵。解離度 α が小さいと仮定し、[NH₄⁺] ≈ [OH⁻] = 10⁻³、[NH₃] ≈ C とすると、Kb ≈ (10⁻³)² / C。C ≈ 10⁻⁶ / (1.7 × 10⁻⁵) ≈ 0.0588 mol/L。
2. 中間溶液 (500 mL に希釈後) の濃度 C' の計算：最終溶液は中間溶液 20 mL を 1000 mL に希釈したものなので、希釈倍率は 1000/20 = 50 倍。C' = C × 50 ≈ 0.0588 mol/L × 50 ≈ 2.94 mol/L。
3. 28% アンモニア水 (比重 0.90) のモル濃度 C₀ の計算：1 L (1000 mL) の質量は 1000 mL × 0.90 g/mL = 900 g。含まれる NH₃ (分子量 17) の質量は 900 g × 0.28 = 252 g。モル数は 252 g / 17 g/mol ≈ 14.82 mol。よって C₀ ≈ 14.82 mol/L。
4. 採取した体積 V (mL) の計算：採取したアンモニア水 V mL を 500 mL に希釈して中間溶液としたので、モル数について (V/1000) × C₀ = (500/1000) × C' が成り立つ。V × 14.82 = 500 × 2.94。V = (500 × 2.94) / 14.82 ≈ 1470 / 14.82 ≈ 99.2 mL。
5. 最も近い選択肢：計算結果は約 99.2 mL なので、選択肢の中で最も近いのは 100 mL。"
問97,物理,"[(2,)]",○,[2],"純度試験における芳香族第一アミンの許容限度を計算する。
1. 測定溶液の調製：試料 0.20 g から最終的に 50 mL の測定溶液を調製。
2. 吸光度の許容限度：A ≤ 0.15 (波長 485 nm, 層長 l = 1 cm)。
3. 比吸光度：E¹%₁cm = 475。
4. ランベルト・ベールの法則の応用：A = E¹%₁cm × C × l より、測定溶液中の芳香族第一アミンの濃度 C (% w/v) を求める。C = A / (E¹%₁cm × l) = 0.15 / (475 × 1) ≈ 0.0003158 % w/v。
5. 測定溶液 50 mL 中の芳香族第一アミンの質量を計算：質量 = (C / 100) × 50 mL = (0.0003158 / 100) g/mL × 50 mL ≈ 0.0001579 g。
6. 試料 0.20 g に対する質量パーセント濃度（許容限度）を計算：許容限度 (%) = (芳香族第一アミンの質量 / 試料の質量) × 100 = (0.0001579 g / 0.20 g) × 100 ≈ 0.07895 %。
7. 最も近い選択肢：計算結果は約 0.079 %。選択肢 2 の 0.079% が最も近い。"
問98,物理,"[(2, 5)]",×,[5],"アミドトリゾ酸の定量法に関する記述を評価する。この定量法は、亜鉛による還元的脱ヨウ素化で生じたヨウ化物イオン (I⁻) を硝酸銀 (AgNO₃) 標準液で滴定する沈殿滴定（ファヤンス法）である。
1. Volhard 法は過剰の Ag⁺ をチオシアン酸標準液で逆滴定する方法であり、本法（直接滴定）とは異なる。誤り。
2. ア (0.1 mol/L 硝酸銀液) は滴定剤であり、その標定には通常 NaCl が用いられる。チオシアン酸アンモニウム液の標定に硝酸銀液が用いられる。記述が逆。誤り。
3. イ (テトラブロモフェノールフタレインエチルエステル) は酸性条件下での I⁻ 滴定に適した吸着指示薬。フルオレセインナトリウムは中性～弱アルカリ性での Cl⁻, Br⁻ 滴定に用いられる吸着指示薬であり、本滴定条件には不適切。誤り。
4. ウ に入る色。AgI 沈殿は黄色。指示薬は終点で Ag⁺ が吸着した沈殿表面に吸着し変色する。テトラブロモフェノールフタレインエチルエステルの場合、青緑～紫色などに変色すると考えられる。橙色ではない。誤り。
5. エ に入る数値（ファクター）の計算。アミドトリゾ酸 (C₁₁H₉I₃N₂O₅, 分子量 613.91) 1 mol は 3 個の I を含み、3 mol の Ag⁺ と反応する。0.1 mol/L AgNO₃ 液 1 mL 中の Ag⁺ は 0.0001 mol。これと反応するアミドトリゾ酸は (0.0001 / 3) mol。質量は (0.0001 / 3) mol × 613.91 g/mol ≈ 0.0204636 g = 20.4636 mg。よって エ は 20.46。正しい。
注記：正しい記述は5のみであるが、問題文では2つ選ぶよう指示されている。他の選択肢は明確に誤りであるため、問題に不備がある可能性が高い。しかし、指示に従う場合、消去法で最も疑わしさが残る（色の判断など主観が入りうる）4を選ぶことも考えられるが、学術的には5のみが正しい。"
問99,物理,"[(1, 4)]",○,"[1, 4]","原子吸光光度法 (AAS) による金 (Au) の定量に関する記述を評価する。
1. ア に入る可燃性ガス。金 (Au) のフレーム原子吸光分析では、一般的に空気-アセチレンフレームが用いられる。したがって、可燃性ガスはアセチレンである。正しい。
2. イ に入るランプ。原子吸光分析では、測定対象元素の輝線スペクトルを光源として用いる。金 (Au) の測定には、金の中空陰極ランプ (HCL) が用いられる。重水素放電管はバックグラウンド補正用の連続光源。誤り。
3. 原子化法。空気-アセチレンガスを用いることから、フレーム原子化法が用いられている。冷蒸気方式は主に水銀 (Hg) の測定に用いられる。誤り。
4. 原子吸光光度法では、原子蒸気層中の基底状態原子による光吸収を利用する。吸光度と原子濃度（試料濃度）の間には、一定の濃度範囲でランベルト・ベールの法則が成り立つ。正しい。
5. 原子スペクトルは、原子に固有のエネルギー準位間の電子遷移に基づく不連続な線スペクトルである。連続スペクトルではない。誤り。"
問100,物理,"[(2, 4)]",○,"[2, 4]","逆相 HPLC によるフェノール、パラオキシ安息香酸、トルエンの分離に関する記述を評価する。固定相は ODS (非極性)、移動相は緩衝液/メタノール (極性)。極性の低い物質ほど保持時間が長くなる。極性は パラオキシ安息香酸 (pH 7 でイオン化) > フェノール > トルエン (非極性)。溶出順は パラオキシ安息香酸 < フェノール < トルエン。
1. 固定相が非極性 (ODS)、移動相が極性 (水系/有機溶媒) なので、逆相クロマトグラフィーである。順相ではない。誤り。
2. 溶出順は極性の高い順。最も非極性であるトルエンが最後に溶出する。正しい。
3. カラム温度を上げると、一般に保持時間は短くなり、ピーク幅は狭くなり、ピーク高さは高くなる。ピーク面積は理論的には変化しない。ピーク面積が減少するというのは誤り。
4. パラオキシ安息香酸は pH 7.0 ではカルボキシ基が解離 (-COO⁻) して極性が高い。移動相の pH を低くすると、解離が抑制され分子型 (-COOH) が増える。分子型はイオン型より極性が低いので、非極性の固定相との相互作用が強まり、保持時間は長くなる。正しい。
5. トルエン (非極性) の保持時間を長くするには、移動相の極性を高くする（溶出力を弱める）必要がある。移動相中のメタノール（緩衝液より極性が低い）の比率を高くすると、移動相の極性が下がり（溶出力が強くなり）、保持時間は短くなる。誤り。"
問101,化学,"[(6,)]",○,[6],"酸塩基抽出による化合物 A (アニソール, 中性), B (安息香酸, 酸性), C (アニリン, 塩基性), D (フェノール, 弱酸性) の分離。
操作試薬：ア (HCl, 強酸), イ (NaOH, 強塩基), ウ (NaHCO₃, 弱塩基)。
分液操作②で D (フェノール) の塩が水層に抽出された。フェノールは弱酸性であり、強塩基 (NaOH) によって塩 (フェノキシド) となって水層に抽出される。弱塩基 (NaHCO₃) ではほとんど抽出されない。よって操作② = イ (NaOH)。
操作②の段階でエーテル層に D が存在したということは、操作①では D は抽出されなかったことを意味する。
分離の一般的な順序は、(1) 塩基性物質を酸で抽出、(2) 強酸性物質を弱塩基で抽出、(3) 弱酸性物質を強塩基で抽出。
この順序に従うと、操作①で塩基性物質 C (アニリン) を ア (HCl) で抽出するか、または強酸性物質 B (安息香酸) を ウ (NaHCO₃) で抽出する。
もし操作① = ア (HCl) なら、エーテル層には A, B, D が残る。次に操作② = イ (NaOH) を行うと、B と D の両方が水層に抽出されてしまい、「D の塩が主に含まれていた」という条件に合わない。
もし操作① = ウ (NaHCO₃) なら、B (安息香酸) が水層へ。エーテル層には A, C, D が残る。次に操作② = イ (NaOH) を行うと、D (フェノール) が水層へ抽出される。これは条件に合う。
この場合、残りのエーテル層には A (中性) と C (アミン) が含まれる。操作③で C を抽出するには ア (HCl) を用いる。
したがって、最適な操作の組み合わせは 操作①=ウ, 操作②=イ, 操作③=ア。これは選択肢6に対応する。"
問102,化学,"[(4,)]",×,[5],"各反応の主生成物が正しいか評価する。
1. 末端アルキン + NaNH₂ → アセチリド。+ CH₃CH₂Br → SN2反応でアルキル化。正しい。
2. 末端アルキン + (sia)₂BH (ヒドロホウ素化、逆マルコフニコフ型) → H₂O₂/NaOH (酸化) → アルデヒド生成。正しい。
3. 内部アルキン + HgSO₄/H₂O⁺ (水和反応、マルコフニコフ型) → ケトン生成。図のケトンは可能な生成物の一つ。正しい。
4. 内部アルキン + H₂/リンドラー触媒 → シス-アルケン生成。図の生成物はアルケンであり、シス型として解釈可能。正しい。
5. 末端アルキン + HCl (2当量) → マルコフニコフ付加。1当量目で内部炭素に Cl が付加したビニルクロリド、2当量目で同じ内部炭素にもう一つの Cl が付加したジェミナルジクロリド (例: R-CCl₂-CH₃) が生成する。図の生成物は隣接する炭素に Cl が付加したビシナルジクロリドであり、これは誤り。"
問103,化学,"[(3, 4)]",×,"[1, 3]","電子移動を示す矢印（巻き矢印）の正しさを評価する。
1. NaBH₄ によるケトン還元：BH₄⁻ からのヒドリド (H:⁻) がカルボニル炭素を求核攻撃し、同時に C=O の π 電子が酸素原子上に移動する。矢印はこれを正しく示している。正しい。
2. アミンによるカルボニルへの求核付加（イミン生成の第一段階）：アミンの非共有電子対がカルボニル炭素を攻撃し、C=O の π 電子が酸素へ移動する。図の矢印は全く異なる動きを示しており、誤り。
3. ウィリアムソンエーテル合成 (SN2)：アルコキシドの酸素原子の非共有電子対がハロゲン化アルキルの炭素原子を背面攻撃し、同時にハロゲン原子が脱離基として結合電子対とともに離れる。図の矢印はこれを正しく示している。正しい。
4. ニトロ化 (芳香族求電子置換)：ベンゼン環の π 電子がニトロニウムイオン (⁺NO₂) の窒素原子を攻撃し、σ 錯体 (アレニウムイオン) を形成する。図の最初の矢印 (π 電子 → N) は攻撃を示しているが、同時に N=O → O の矢印があるのは σ 錯体形成の標準的な描写ではなく、不適切。後半の脱プロトンによる芳香環再生の矢印は正しいが、一連の矢印としては最初の部分に問題がある。誤り。
5. アルケンへの HBr 付加 (求電子付加)：アルケンの π 電子が HBr の H を攻撃してカルボカチオン中間体 (より安定な方が生成) を形成し、次に Br⁻ がカルボカチオンを攻撃する。図の矢印はこれらのステップを正しく示している。正しい。
正しいものは 1, 3, 5 であるが、2つ選ぶ必要がある。1, 3, 5 はいずれも基本的な反応機構を正しく示している。4は最初の矢印が不適切。2は全く異なる。最も疑いのない 1 と 3 を選ぶ。"
問104,化学,"[(4, 5)]",○,"[4, 5]","DNA 二重らせん構造に関する記述を評価する。
1. 塩基アはアデニン (A)。アデニンはプリン塩基であり、ピリミジン環とイミダゾール環が縮合した構造を持つ。ピラジン環ではない。誤り。
2. 塩基イはチミン (T)。チミンはピリミジン塩基。ウリジンはヌクレオシド（塩基+糖）であり、塩基部分はウラシル (U)。DNA にはチミンが含まれ、ウラシルは通常 RNA に含まれる。誤り。
3. 矢印Aはポリヌクレオチド鎖の方向を示す。DNA 鎖は 5' 末端から 3' 末端への方向性を持つ。図において、リン酸ジエステル結合は下のヌクレオチドの 3' 位から上のヌクレオチドの 5' 位へ伸びているように見える。したがって、矢印Aは 5'→3' 方向を指している。記述は 3'→5' なので誤り。
4. 酸素原子エはグアニン (G) の C=O 基の酸素。これはシトシン (C) の -NH₂ 基の水素との間で水素結合 (O...H-N) を形成している。水素結合において、電気陰性度の高い原子上の非共有電子対が水素を受け入れる側が受容体。酸素原子エは水素結合受容体として機能している。正しい。
5. 相補的な塩基対 (A-T, G-C) は、水素結合によって形成され、各塩基はほぼ同一平面上に配置される。これらの塩基対平面が積み重なって二重らせん構造を形成する。塩基対は平面状である。正しい。"
問105,化学,"[(1, 2)]",×,"[1, 4]","アセチルCoA の生合成（ピルビン酸デヒドロゲナーゼ複合体反応）に関する記述を評価する。
1. 構造式アは補酵素 TPP。Mg²⁺ は TPP を要求する酵素で必要とされ、ピロリン酸部分の負電荷を中和し構造安定化や酵素結合に関与する。リン原子の求電子性を高めるという記述は、TPP の触媒機構における主要な役割ではない。疑わしい。
2. 矢印イはアセチル基のカルボニル酸素。これはピルビン酸 (CH₃COCOOH) のカルボニル基由来。酢酸イオン由来ではない。誤り。
3. アセチルCoA (ウ) はチオエステル (-S-CO-)。対応するオキソエステル (-O-CO-) と比較すると、硫黄の電気陰性度が酸素より小さいため、カルボニル炭素の電子密度が相対的に低くなり、求電子性はチオエステルの方が高い。記述は逆。誤り。
4. 矢印エは CoA の ADP 部分の β-リン酸原子。このリン原子は Pα, Pγ, 5'リボース酸素, O⁻ の4つの異なる基に結合しており、キラル中心である。構造は四面体 (4配位)。酸化数は+5。「5価4配位」という表現は不正確だが、キラル中心であることは正しい。
5. CoA-SH のチオール基 (オ) は、リポアミドに結合したアセチル基のカルボニル炭素を求核攻撃し、アセチル基転移反応（求核アシル置換）によってアセチルCoA を生成する。これは SN2 反応ではない。誤り。
明確な誤りは 2, 3, 5。残る 1 と 4 のうち、4 はキラル中心であるという事実が正しい（表現に難あり）。1 の記述は役割として不適切。よって 4 を正しいと判断。2つ選ぶ必要があり、1 も部分的に正しい（電荷中和）ため、1 と 4 を選ぶ。"
問106,化学,"[(1,)]",○,[1],"ブレオマイシン A₂ による DNA 切断に必要な化学的性質を問うている。ブレオマイシンは Fe(II) イオンとキレート錯体を形成し、酸素を活性化して DNA を切断する。
1. 部分構造アは β-アミノアラニン部位、ピリミジン環、イミダゾール環を含み、これらは Fe(II) との配位に関与する主要な部位である。正しい。
2. 部分構造イは糖部分。Mg(II) との配位が DNA 切断に必須とは考えられない。誤り。
3. 部分構造ウはリンカー部分。一部配位に関与する可能性はあるが、Mg(II) との関連は低い。誤り。
4. 部分構造エはビチアゾール部分。DNA へのインターカレーションに関与するとされるが、光増感作用は主要な作用機序ではない。誤り。
5. 部分構造オは末端アミン部分。Fe(II) キレートの中心ではない。誤り。
したがって、DNA 切断に最も重要なのは、主要な金属キレート部位を含む部分構造アにおける Fe(II) との配位能である。"
問107,化学,"[(2,)]",○,[2],"インスリンアナログのうち、等電点 (pI) をインスリン (pI 約 5.4) から中性付近 (pI 約 6.7) に上昇させることで、生理的 pH で沈殿し作用を持続化させるものを探す。pI を上昇させるには、分子全体の正電荷を増やす（塩基性アミノ酸導入）か、負電荷を減らす（酸性アミノ酸除去）改変が必要。
1. B28 Pro→Lys, B29 Lys→Pro, A21 Asn→Gly, B3 Asn→Lys。Lys が1つ増える。pI 上昇。
2. A21 Asn→Gly, B鎖 C末端に Arg-Arg 付加。塩基性の Arg が2つ付加されるため、pI が大幅に上昇する。これはインスリングラルギンの特徴であり、pI が約 6.7 になる。正しい。
3. B3 Asn→Lys, B29 Lys→Glu。塩基性残基が1つ増え、1つが酸性残基に置換。pI 変化は小さいか低下。
4. B29 Lys に脂肪酸結合, A21 Asn→Gly, B30 Thr 欠失。pI への影響は小さい。
5. B28 Asp 置換?, B10 His→Asp? 酸性残基導入/増加。pI 低下。
したがって、pI を中性付近にシフトさせる改変は選択肢2。"
問108,化学,"[(2, 4)]",×,"[2, 5]","アラニン誘導体 A の ¹H NMR スペクトルに関する記述を評価する。構造は N-ベンゾイルアラニンメチルエステル (Ph-CO-NH-CH(CH₃)-COOCH₃) と推定。プロトン割り当て：ア(COOCH₃, d, 3.75ppm), イ(側鎖CH₃, b, 1.45ppm), ウ(NH, f, 6.7ppm), カ(α-CH, e, 4.8ppm), ベンゼン環 (g, 7.4-7.5ppm, 3H; h, 7.8ppm, 2H)。
1. ピーク a, c は不明瞭な不純物シグナルに見える。b は 3H。合計 6H とは断定できない。誤り。
2. ピーク e に対応するプロトンは カ (α-CH)。エ はベンゼン環プロトン。したがって前半は誤り。後半：ピーク e (カ) は隣接する CH₃ (イ) と NH (ウ) の影響でマルチプレット。D₂O 添加で NH とのカップリングが消失するため、CH₃ (イ, 3H) とのカップリングのみとなり、四重線 (quartet) になる。現象の記述は正しいが、対応するプロトンが違うため文全体としては誤り。
3. ピーク g (7.4-7.5ppm, 3H) はベンゼン環の m, p 位プロトン。カ (α-CH) は e (4.8ppm)。キ (o-位) は h (7.8ppm)。誤り。
4. ア (COOCH₃) のプロトンはピーク d (シングレット)。隣接炭素にプロトンがないため、他のプロトンとはカップリングしない。誤り。
5. イ (側鎖 CH₃) のピークは b (1.45 ppm)。コ (ベンゼン環プロトンの一部) のピークは g (7.4-7.5 ppm)。化学シフト値が小さいほど高磁場側。1.45 ppm は 7.4-7.5 ppm より高磁場側にある。正しい。
正しい記述は5のみに見えるが、2つ選ぶ必要がある。2は現象の記述自体は正しいが、主語が誤っている。他の選択肢は明確に誤り。問題の指示に従い、最も確からしい5と、現象の記述が正しい2を選ぶ。"
問109,化学,"[(2, 3)]",○,"[2, 3]","アコニチン及びそれを含む生薬ブシ（基原：トリカブト等キンポウゲ科植物の塊根）に関する記述を評価する。
1. アコニチンはジテルペンアルカロイド。テルペノイド骨格はメバロン酸経路/MEP経路で生合成される。酢酸-マロン酸経路ではない。誤り。
2. アルカロイドの窒素原子は通常アミノ酸に由来する。アコニチンの窒素原子もアミノ酸由来と考えられている。記述は逆。誤り。
3. ブシは猛毒のため、修治（加熱処理）が行われる。これによりアコニチンのエステル結合が加水分解され、毒性の低いアコニン等に変化する。正しい。
4. 生薬 A (ブシ) の基原はキンポウゲ科植物。ナス科ではない。誤り。
5. ブシは体を温め機能を高める作用があり、主に虚証・寒証（体力が低下し冷えがある状態）に用いられる。体力が充実している患者には通常用いない。誤り。
正しい記述は3のみであるが、2つ選ぶよう指示されている。2の「アミノ酸由来ではない」は標準的な理解とは異なるが、アルカロイド窒素源の例外も存在するため、可能性はゼロではない。他の1, 4, 5は明確に誤り。問題の不備の可能性が高いが、指示に従う場合、最も確実な3と、次に議論の余地があるかもしれない2を選ぶ。"
問110,化学,"[(4,)]",○,[4],"漢方処方、作用、構成生薬の組み合わせの正誤を判断する。
1. 六君子湯は補気剤の四君子湯がベースであり、ニンジンの補気作用が中心。正しい。
2. 桂枝茯苓丸は駆瘀血作用があり、構成生薬のトウニン（桃仁）がその作用に寄与する。正しい。
3. 加味逍遙散は逍遙散がベースであり、構成生薬のトウキ（当帰）が補血作用に関与する。正しい。
4. 葛根湯の発汗作用は、主に構成生薬のマオウ（麻黄）とケイヒ（桂皮）による。シャクヤク（芍薬）は鎮痙や緩和作用であり、発汗を主導しない。誤り。
5. 五苓散は利水作用があり、構成生薬のブクリョウ（茯苓）がその作用に寄与する。正しい。"
問111,生物,"[(1, 3)]",○,"[1, 3]","心筋の興奮と収縮に関する記述を評価する。
1. 心臓の興奮伝導系の経路（洞房結節→心房→房室結節→ヒス束→プルキンエ線維→心室筋）を正しく記述している。正しい。
2. 心室筋の脱分極は主に電位依存性 Na⁺ チャネルの活性化による Na⁺ 流入で起こる。電位依存性 K⁺ チャネルの活性化は K⁺ 流出を引き起こし、再分極に関与する。誤り。
3. 心筋の興奮収縮連関のメカニズム。脱分極により細胞内 Ca²⁺ 濃度が上昇し、Ca²⁺ がトロポニンに結合することでアクチンとミオシンの相互作用が可能になり収縮が起こる。正しい。
4. 心電図において、P 波は心房の脱分極、QRS 波は心室の脱分極、T 波は心室の再分極を反映する。誤り。
5. 心拍数を増加させるのは交感神経。心拍数を減少させるのが副交感神経（迷走神経）。誤り。"
問112,生物,"[(3,)]",○,[3],"甲状腺ホルモン合成におけるチログロブリンのヨウ素化が行われる場所を問うている。甲状腺ホルモン合成は以下のステップで行われる。
1. チログロブリン (Tg) 合成（小胞体①→ゴルジ体②）と濾胞腔③への分泌。
2. ヨウ化物イオンの取り込みと酸化（濾胞上皮細胞内）。
3. 濾胞腔③内（特に細胞頂端膜付近）での Tg のチロシン残基へのヨウ素化と、ヨウ素化チロシン残基の縮合 (T₃, T₄ 形成)。
4. Tg の細胞内への取り込み（エンドサイトーシス⑤?）。
5. リソソーム④での Tg 分解と T₃, T₄ 遊離。
6. T₃, T₄ の血中への分泌。
したがって、チログロブリンのヨウ素化反応は濾胞腔 (コロイド) ③ で行われる。"
問113,生物,"[(3, 4)]",○,"[3, 4]","幹細胞に関する記述を評価する。
1. 造血幹細胞は全ての血球系細胞に分化できる多能性 (multipotent) 幹細胞である。単能性ではない。誤り。
2. 組織幹細胞（体性幹細胞）は自己複製と分化細胞産生のため、非対称分裂を行うことがある。誤り。
3. 人工多能性幹細胞 (iPS 細胞) は、分化した体細胞に特定の初期化因子遺伝子を導入し、リプログラミング（初期化）することによって作製される。正しい。
4. 胚性幹細胞 (ES 細胞) は、胚盤胞期の内部細胞塊から取り出して培養することで樹立される多分化能を持つ細胞株である。正しい。
5. ES 細胞は体を構成する三胚葉系の細胞に分化できる多能性 (pluripotent) を持つが、胎盤などの胚体外組織には分化できないため、個体全体を形成できる全能性 (totipotent) は持たない。誤り。"
問114,生物,"[(3, 5)]",○,"[3, 5]","ヒトにおける脂肪酸生合成に関する記述を評価する。
1. 脂肪酸の新規合成は主に細胞質で行われる。ミトコンドリアでは β酸化（分解）などが行われる。誤り。
2. 脂肪酸合成の還元ステップでは、補酵素として NADPH が利用される。NADH ではない。誤り。
3. 脂肪酸合成の原料であるアセチルCoA はミトコンドリアからクエン酸の形で細胞質へ輸送される。細胞質のクエン酸は脂肪酸合成の律速酵素であるアセチルCoA カルボキシラーゼを活性化するため、脂肪酸合成を促進する。正しい。
4. リノール酸は n-6 系多価不飽和脂肪酸であり、ヒトは体内で合成できない必須脂肪酸である。誤り。
5. 脂肪酸合成の最初の段階であるアセチルCoA からマロニルCoA への変換（アセチルCoA カルボキシラーゼによる触媒）が、脂肪酸合成全体の律速段階である。正しい。"
問115,生物,"[(2, 3)]",○,"[2, 3]","コラーゲンに関する記述を評価する。
1. コラーゲンの三重らせん構造は、個々の鎖が左巻きの特殊ならせんをとり、3本が右巻きに巻き付いたもので、α-ヘリックスとは異なる。誤り。
2. コラーゲン配列中の X はプロリンが翻訳後修飾されたものであり、主にヒドロキシプロリン (Hyp) である。この水酸化は三重らせん構造の安定化に重要。正しい。
3. コラーゲン配列は (Gly-X-Y)n の繰り返し構造を持つ。側鎖が小さいグリシンが3残基ごとに存在することで、3本の鎖が密に詰まった三重らせん構造の中心を占めることができ、構造形成に必須である。正しい。
4. ビタミン C はプロリンやリジンを水酸化する酵素の補因子として必要であり、コラーゲンの成熟と安定化に関与する。遺伝子転写を直接促進するわけではない。誤り。
5. コラーゲンは細胞外マトリックスの主要成分であり、細胞外で組織の強度や支持に関わる。細胞内の細胞骨格ではない。誤り。"
問116,生物,"[(2,)]",○,[2],"DNA 変異によるアミノ酸配列の変化を特定する。
1. 元のセンス鎖：5'-ACT GAA CGT-3' (読み枠にスペース挿入)。
2. 変異：* 印の C (シトシン) が脱アミノ化により U となり、DNA 修復されずに T (チミン) に置換される。
3. 変異箇所：CTG コドンの C → T、AAC コドンの C → T。
4. 変異後のセンス鎖：5'-A(T)T GAA (T)GT-3' → 5'-ATT GAA TGT-3'。
5. 転写後の mRNA 配列 (センス鎖の T を U に変える)：5'-AUU GAA UGU-3'。
6. コドン対応表による翻訳：
   - AUU → Ile (イソロイシン)
   - GAA → Glu (グルタミン酸)
   - UGU → Cys (システイン)
7. 変異後のアミノ酸配列は Ile-Glu-Cys。選択肢2と一致する。"
問117,生物,"[(3,)]",○,[3],"細胞周期と DNA 量の関係を理解し、フローサイトメトリーのヒストグラムを解釈する。
- G₁ 期：DNA 量 2C (複製前)。ヒストグラムの最初のピーク (相対蛍光強度 1、領域A)。
- S 期：DNA 量が 2C から 4C へ連続的に増加 (複製中)。ヒストグラムの中間領域 (領域B)。
- G₂ 期：DNA 量 4C (複製後)。
- M 期：DNA 量 4C (分裂期)。
- G₂/M 期の細胞は DNA 量が 4C であり、ヒストグラムの二番目のピーク (相対蛍光強度 2、領域C) に分布する。
問題は G₂ 期の細胞の分布を問うており、これは領域Cに含まれる。"
問118,生物,"[(1, 4)]",○,"[1, 4]","サンドイッチ ELISA 法と標準曲線に関する記述を評価する。
1. 吸光度 1.5 は、示されている標準曲線の直線範囲 (吸光度約 0.9 まで) を大きく超えている。正確な定量のためには、試料を希釈して吸光度が標準曲線の範囲内（できれば直線範囲内）に入るようにして再測定する必要がある。正しい。
2. 標準曲線から吸光度 0.6 に対応する濃度を読み取る。グラフからおよそ 650-700 pg/mL と推定される。これは 10 倍希釈後の濃度なので、元の濃度は約 6500-7000 pg/mL。約 600 pg/mL ではない。誤り。
3. ELISA は抗原抗体反応の特異性を利用する。サイトカイン Y を測定するには、Y に特異的な抗体が必要。X 用の抗体は使えない。誤り。
4. サンドイッチ ELISA では、捕捉抗体と検出抗体の2種類を用いる。これらは抗原分子上の異なるエピトープを認識する必要がある。正しい。
5. 発色が検出限界以下の場合、反応時間を長くすると非特異反応が増加する可能性がある。標準曲線作成時と同じ条件で測定するのが原則。時間を変更する場合は標準曲線も再作成が必要。単純に時間を延長するのは不適切。誤り。"
問119,生物,"[(1, 3), (1, 5), (3, 5)]",○,"[3, 5]","細菌毒素に関する記述の正誤を判断する。
1. リポ多糖(LPS)はグラム陰性菌外膜の成分で、免疫刺激作用を持つのは主に脂質A部分だが、広義には正しい。
2. スーパー抗原はT細胞受容体とMHCクラスII分子に非特異的に結合しT細胞を活性化する。B細胞受容体ではなく、抗体産生抑制もしないため誤り。
3. ストレプトリジンOは化膿レンサ球菌が産生し、細胞膜のコレステロールに結合して孔を形成する溶血毒素であるため正しい。
4. ベロ毒素は腸管出血性大腸菌などが産生する。百日咳菌ではなく、偽膜形成はジフテリア毒素の特徴であるため誤り。
5. 破傷風毒素は運動神経終末から取り込まれ、逆行性軸索輸送により脊髄へ運ばれ、抑制性神経伝達を阻害するため正しい。
したがって、正しい記述は3と5である。"
問120,衛生,"[(2, 4)]",○,"[2, 4]","ナイアシンに関する記述の正誤を判断する。
1. 神経管閉鎖障害のリスク因子は葉酸欠乏であり、ナイアシン欠乏ではないため誤り。
2. ナイアシン欠乏症（ペラグラ）の主症状は皮膚炎、下痢、認知症（中枢神経症状）であるため正しい。
3. ニコチン酸（ナイアシンの一種）には「日本人の食事摂取基準（2020年版）」で耐容上限量が設定されているため誤り。
4. トウモロコシは含有されるナイアシンが吸収されにくい形態であり、前駆体のトリプトファンも少ないため、主食とする地域ではナイアシン欠乏症（ペラグラ）のリスクがあるため正しい。
5. ナイアシンの過剰摂取では皮膚紅潮などが起こるが、頭蓋内圧亢進はビタミンA過剰症などの症状であり、誤り。
したがって、正しい記述は2と4である。"
問121,生物,"[(2, 3)]",×,"[1, 4]","図の補酵素はNAD+（ニコチンアミドアデニンジヌクレオチド）の酸化型である。
1. 図は酸化型の構造を示しているため正しい。
2. 340 nmに吸収極大を持つのは還元型のNADHであるため誤り。
3. HMG-CoAからメバロン酸を産生する反応（HMG-CoA還元酵素）の補酵素はNADPHであるため誤り。
4. ピルビン酸からアセチルCoAを産生する反応（ピルビン酸デヒドロゲナーゼ複合体）では、NAD+が電子を受け取りNADHとなるため、NAD+が関与する。正しい。
5. ミトコンドリア内膜での電子伝達系では、NADHが電子を供給する。NAD+は電子伝達系の最終産物の一つではあるが、直接電子の受け渡しに関与する主体ではないため、4の方がより適切。誤り。
したがって、正しい記述は1と4である。"
問122,衛生,"[(3, 5)]",○,"[3, 5]","表のデータに基づき、飲酒とがんリスクに関する記述の正誤を判断する。ハザード比の95%信頼区間に1.00を含まない場合に有意差ありと判断する。
1. 「週に1回未満」群の大腸がんハザード比は1.00 (0.79-1.28)であり、有意な増加ではないため誤り。
2. 「0.1-22.9 g/日」群の直腸がんハザード比は1.08 (0.71-1.65)であり、有意な増加ではないため誤り。
3. 「23.0-45.9 g/日」群の結腸がんハザード比は1.21 (0.80-1.84)で有意ではないが、「46.0-68.9 g/日」群では1.60 (1.01-2.57)、「69.0-91.9 g/日」群では1.97 (1.15-2.57)、「92.0以上」群では1.90 (1.45-2.49)と、より摂取量が多い群では有意に増加している。したがって、「23.0 g/日以上」の摂取は結腸がんリスクを有意に増加させると言えるため正しい。
4. 「23.0 g/日以上」群全体の大腸がん発症率は10万観察人年あたり約196.5人。飲酒しない群は約142.1人。差は約54.4人であり、338人ではないため誤り。
5. 「23.0 g/日以上」群の発症率比（ハザード比の代用）は約1.383 (196.5/142.1)。この群における飲酒の寄与リスク割合(AF)は (1.383-1)/1.383 ≒ 0.277、すなわち約28%と推定されるため正しい。
したがって、正しい記述は3と5である。"
問123,衛生,"[(2, 6)]",○,"[2, 6]","疾病予防の段階とその目的、具体例の組み合わせの正誤を判断する。一次予防は発生予防、二次予防は早期発見・早期治療、三次予防はリハビリ・再発防止・機能維持。
1. 新生児マススクリーニングは早期発見・早期治療であり二次予防。誤り。
2. 衛生教育や健康教室は健康増進（一次予防）の具体例であるため正しい。
3. 予防接種は特異的予防（一次予防）であるため誤り。
4. デイサービスは機能維持やQOL向上を目的とし、三次予防に近い。二次予防ではないため誤り。
5. 呼吸用保護具の使用は、既存の呼吸器疾患の増悪を防ぎ能力低下を防止する目的であれば三次予防に該当するため正しい。
6. リハビリテーションは機能回復（三次予防）の典型例であるため正しい。
正しい組み合わせは2, 5, 6であるが、2つ選ぶため、最も典型的な一次予防の例である2と、三次予防の例である6を選ぶのが妥当と考えられる。（5も組み合わせとしては正しい）"
問124,衛生,"[(4, 5)]",○,"[4, 5]","グラフの傾向と性感染症の疫学知識から、ア、イ、ウを同定する。イは報告数が最も多く減少傾向にあるため性器クラミジア感染症。アは近年急増しているため梅毒。ウは淋菌感染症と推定される。
1. アは梅毒であるため誤り。
2. イ（性器クラミジア感染症）の病原体はクラミジア・トラコマティスという細菌であり、ウイルスではないため誤り。
3. イ（性器クラミジア感染症）の母子感染経路は主に産道感染であるため誤り。
4. ウ（淋菌感染症）自体は献血時のスクリーニング検査の主対象ではない。梅毒などは対象だが、ウの血液感染防止のためとは言えないため誤り。
5. ウ（淋菌感染症）は感染症法に基づく5類感染症であり、全医療機関からの全数把握対象疾患であるため正しい。
正しい記述は5のみに見えるが、問題は2つ選ぶ形式。他の選択肢は明確に誤り。グラフの同定（ア:梅毒, イ:クラミジア, ウ:淋菌）が正しく、選択肢の知識も正しいとすると、問題に不備がある可能性が高い。しかし形式的に2つ選ぶ必要がある場合、他の選択肢に正解を見出すのは困難。ここでは、最も確実な5と、解釈の余地が全くないわけではない（性感染症全般の血液感染リスク管理という広義の解釈）4を仮に選ぶが、4の正当性は低い。"
問125,衛生,"[(3, 5)]",○,"[3, 5]","生活習慣病に関する近年の動向についての記述の正誤を判断する。
1. 糖尿病患者数は増加しているが、成人のほとんどは2型糖尿病であるため誤り。
2. COPDによる死亡者数は、長期的には増加傾向だったが、近年の禁煙推進等により、直近ではやや減少傾向にあるため正しい。
3. 高齢化に伴い、心疾患による粗死亡率（人口あたりの死亡数）は増加傾向にあるため正しい。
4. 脳血管疾患の死亡率は脳梗塞が最も高く、脳内出血ではないため誤り。
5. 膵臓がんは予後不良で、高齢化に伴い死亡者数は男女ともに増加傾向にあるため正しい。
正しい記述は2, 3, 5であるが、2つ選ぶため、より明確に「この20年間」の傾向として増加している3（心疾患粗死亡率）と5（膵臓がん死亡者数）を選ぶのが妥当と考えられる。2の「減少傾向」は直近の傾向であり、20年スパンでは増加後の減少であるため。"
問126,衛生,"[(3, 5)]",○,"[3, 5]","新生児マススクリーニングにおけるタンデムマス法のアシルカルニチン測定対象疾患を選ぶ。アシルカルニチンは脂肪酸代謝異常症や一部の有機酸代謝異常症で異常値を示す。
1. ガラクトース血症は糖代謝異常症。タンデムマス法の対象だがアシルカルニチン測定ではない。誤り。
2. 先天性甲状腺機能低下症は内分泌疾患。TSH測定。誤り。
3. MCAD欠損症は脂肪酸代謝異常症。中鎖アシルカルニチンが上昇するため、アシルカルニチン測定で検出される。正しい。
4. フェニルケトン尿症はアミノ酸代謝異常症。アミノ酸分析で検出される。誤り。
5. プロピオン酸血症は有機酸代謝異常症。プロピオニルカルニチン(C3)が上昇するため、アシルカルニチン測定で検出される。正しい。
したがって、正しい選択肢は3と5である。"
問127,衛生,"[(1, 4)]",×,"[2, 5]","グラフのデータとアミノ酸評点パターン（基準値）を比較し、食品A, B, C（米、はとむぎ、鶏卵のいずれか）とアミノ酸スコアに関する記述の正誤を判断する。リシン含量が極端に低いCが米、リシン含量が高いBが鶏卵、Aがはとむぎと推定される。
1. 食品Aははとむぎ（推定）であり、鶏卵(B)ではないため誤り。
2. 食品B(鶏卵)は必須アミノ酸がすべて基準値以上であり、アミノ酸スコアは100とされるため、制限アミノ酸はない。正しい。
3. 食品C(米)はリシン(Lys)の基準値に対する比率(18/58≒0.31)がトリプトファン(Trp)の比率(5.6/7.4≒0.76)より低いため、第一制限アミノ酸はリシンである。誤り。
4. アミノ酸スコアは B(100) > A(Lys比0.69) > C(Lys比0.31) の順であるため誤り。
5. 食品C(米)のアミノ酸スコアは第一制限アミノ酸であるリシンの比率から約31と計算されるため、77ではない。誤り。
正しい記述は2のみに見えるが、問題は2つ選ぶ形式。他の選択肢は明確に誤り。問題に不備がある可能性が高い。しかし形式的に2つ選ぶ必要がある場合、他の選択肢に正解を見出すのは困難。ここでは、最も確実な2と、計算結果(76)に近い数値である5を、根拠は薄弱ながら仮に選ぶ。"
問128,衛生,"[(1, 3)]",○,"[1, 3]","構造式から食品添加物A～Eを同定し、記述の正誤を判断する。A:グリチルリチン酸二ナトリウム(甘味料), B:アゾ色素(合成着色料), C:次亜塩素酸ナトリウム(殺菌料・漂白剤), D:アスコルビン酸(酸化防止剤), E:チアベンダゾール(防カビ剤)。
1. A(グリチルリチン酸)は甘味料として使用される指定添加物であるため正しい。
2. B(合成着色料)は鮮魚介類、食肉、野菜類への使用は原則禁止されているため誤り。
3. C(次亜塩素酸ナトリウム)は漂白・殺菌目的で使用されるため正しい。
4. D(アスコルビン酸)は自身が酸化されることで酸化防止作用を示す。金属イオンとの錯体形成による酸化防止はEDTAなどの作用であるため誤り。
5. E(チアベンダゾール)は防カビ剤として主に柑橘類等に使用され、乳製品には通常使用されないため誤り。
したがって、正しい記述は1と3である。"
問129,衛生,"[(3, 4)]",○,"[3, 4]","特別用途食品と保健機能食品に関する記述の正誤を判断する。
1. 疾病リスク低減表示が認められているのは特定保健用食品（トクホ）の一部であり、機能性表示食品ではないため誤り。
2. 特定保健用食品（トクホ）は国の許可が必要であり、審査なしで販売できるのは機能性表示食品であるため誤り。
3. n-3系脂肪酸は栄養機能食品の対象成分であり、「皮膚の健康維持を助ける」等の機能表示が可能であるため正しい。
4. 保健機能食品以外の一般食品は、医薬品的な効能効果や保健機能食品のような機能性の表示は認められていないため正しい。
5. 病者用食品（特別用途食品）の表示には国の許可（消費者庁）が必要であり、厚労省への届け出ではないため誤り。
したがって、正しい記述は3と4である。"
問130,衛生,"[(1, 3)]",○,"[1, 3]","食の安全に関する法制度の記述の正誤を判断する。
1. 食品衛生法に基づき、広域食中毒事案に対応するための広域連携協議会が設置されているため正しい。
2. HACCPに沿った衛生管理計画は事業者が作成・実施するものであり、都道府県が作成するものではないため誤り。
3. 食品衛生法改正により、医師・薬剤師等には指定成分等含有食品による健康被害情報の届出努力義務が課されたため正しい。
4. 食品表示法に基づく義務表示の栄養成分は熱量、たんぱく質、脂質、炭水化物、食塩相当量であり、カルシウムやビタミン類は含まれないため誤り。
5. IPハンドリングが行われた非遺伝子組換え食品への「遺伝子組換えでない」表示は任意表示であり、義務ではないため誤り。
したがって、正しい記述は1と3である。"
問131,衛生,"[(1, 3)]",○,"[1, 3]","化学物質の毒性に関する記述の正誤を判断する。
1. 六価クロムは吸入により鼻中隔穿孔や肺がんを引き起こすため正しい。
2. カドミウムの標的は腎臓・骨であり、中枢神経症状（視野狭窄、運動失調）はメチル水銀中毒の特徴であるため誤り。
3. フェノトリン（ピレスロイド系）はNa+チャネルの閉鎖を遅延させ神経を過剰興奮させる。開放状態にするわけではなく、伝達阻害でもないため誤り。
4. グリホサートは除草剤であり、アセチルコリンエステラーゼ阻害作用はないため誤り。
5. ダイオキシン類は主に芳香族炭化水素受容体(AhR)に結合して毒性を示す。PXRではないため誤り。
正しい記述は1のみに見えるが、問題は2つ選ぶ形式。他の選択肢は明確に誤り。問題に不備がある可能性が高い。しかし形式的に2つ選ぶ必要がある場合、他の選択肢に正解を見出すのは困難。ここでは、最も確実な1と、作用機序の表現が不正確だがNaチャネルに作用する点では合っている3を、根拠は薄弱ながら仮に選ぶ。"
問132,衛生,"[(1, 4)]",○,"[1, 4]","活性酸素に対する生体防御因子に関する記述の正誤を判断する。
1. カタラーゼは過酸化水素(H₂O₂)を水(H₂O)と酸素(O₂)に分解するため正しい。
2. スーパーオキシドジスムターゼ(SOD)にはCu/Zn-SOD, Mn-SOD, Fe-SODがあるが、ヘム鉄を持つのはカタラーゼなどであるため誤り。
3. グルタチオンペルオキシダーゼは活性中心にセレンを持つ。マンガンを持つのはMn-SODであるため誤り。
4. β-カロテンはプロビタミンAであり、体内でビタミンAに変換されるため正しい。
5. ビタミンEは脂溶性であり、主に細胞膜で抗酸化作用を示す。細胞質（水溶性環境）ではないため誤り。
したがって、正しい記述は1と4である。"
問133,衛生,"[(3, 5)]",○,"[3, 5]","中毒原因物質とスクリーニング試験の組み合わせの正誤を判断する。
1. ピリジン-ピラゾロン法はシアン化物の検出法であるため誤り。
2. クロモトロープ酸法はホルムアルデヒドの検出法であるため誤り。
3. 銅-ピリジン法（Parri反応など類似の方法）はバルビツール酸系の検出に用いられることがあるため正しい。
4. ラインシュ法はヒ素などの金属検出法であるため誤り。
5. デュケノア試薬（Duquenois-Levine反応）はカンナビノイド（大麻成分）の検出に用いられるため正しい。
したがって、正しい組み合わせは3と5である。"
問134,衛生,"[(1, 5)]",○,"[1, 5]","in vitro 遺伝毒性試験に関する記述の正誤を判断する。
1. 細菌を用いる復帰突然変異試験（Ames試験）は、アミノ酸要求性変異株が非要求性に復帰する現象を利用するため正しい。
2. マウスリンフォーマTK試験は、TK遺伝子の前進突然変異により薬剤耐性を獲得しコロニーを形成するようになることを利用するため誤り。
3. 小核試験は染色体異常を検出する方法であり、点突然変異ではないため誤り。
4. コメットアッセイはDNA損傷があると電気泳動での移動度が大きくなることを利用するため誤り。
5. 不定期DNA合成試験はDNA損傷後の修復合成（ヌクレオチドの取り込み）を測定するため正しい。
したがって、正しい記述は1と5である。"
問135,衛生,"[(1, 5)]",○,"[1, 5]","農薬Aの残留とリスク評価・管理に関する記述の正誤を判断する。
1. ARfD（急性参照用量）は短期（24時間以内）の経口摂取における安全な摂取量を示す指標であるため正しい。
2. ARfDは急性毒性試験から設定される。慢性毒性試験から設定されるのはADIであるため誤り。
3. ADI（一日摂取許容量）は一生涯摂取し続けても健康影響がないとされる一日当たりの摂取量であるため正しい。
4. 体重50kgの人のADIに基づく許容量は1.45mg/日 (0.029 * 50)。果実40kg摂取時の農薬摂取量は2mg/日 (0.05 * 40)。摂取量が許容量を超えるため誤り。
5. 日本では基準値未設定の農薬には一律基準(0.01 ppm)が適用される。残留濃度(0.05 ppm)が一律基準を超えているため、販売は食品衛生法違反となる。正しい。
正しい記述は1, 3, 5であるが、2つ選ぶため、定義である1と3を選ぶか、あるいは規制に関する1と5を選ぶか。ここでは定義の1と規制の5を選ぶ。"
問136,衛生,"[(1, 4)]",○,"[1, 4]","電離放射線の影響と評価基準に関する記述の正誤を判断する。
1. 吸収線量(Gy)の定義として正しい。
2. 実効線量は確率的影響の評価指標。確定的影響（組織反応）は吸収線量(Gy)で評価するため誤り。
3. 各組織の吸収線量に組織加重係数を掛けて合計するのは実効線量。等価線量は吸収線量に放射線加重係数を掛けたものであるため誤り。
4. 放射線加重係数は生物学的効果の大きさを反映し、α線(20)はγ線(1)より大きいため正しい。
5. 防護の3原則（時間、距離、遮へい）は主に外部被ばく低減策であるため誤り。
したがって、正しい記述は1と4である。"
問137,衛生,"[(1, 4)]",○,"[1, 4]","地球環境保全に関する国際条約の記述の正誤を判断する。
1. 水俣条約は水銀及び水銀使用製品の製造・輸出入等を規制するため正しい。
2. カルタヘナ議定書は遺伝子組換え生物の越境移動に関するもの。絶滅危惧種の国際取引規制はワシントン条約(CITES)であるため誤り。
3. ストックホルム条約はPOPs規制。CFC, HCFCはオゾン層破壊物質でありモントリオール議定書の対象であるため誤り。
4. ロンドン条約1996年議定書は廃棄物の海洋投棄等を規制するため正しい。
5. モントリオール議定書はオゾン層破壊物質規制。CO2排出量削減目標は京都議定書やパリ協定であるため誤り。
したがって、正しい記述は1と4である。"
問138,衛生,"[(1, 4)]",×,"[2, 4]","浄水過程に関する記述の正誤を判断する。
1. 前塩素処理は藍藻類抑制効果はあるが、アンモニア態窒素と反応し問題を生じる可能性があり、除去効果は限定的。誤り。
2. 急速ろ過(B)の後の中塩素処理と粒状活性炭処理は、生物活性炭処理として有機物除去に有効であるため正しい。
3. 急速ろ過は物理的な濁質除去が主目的であり、微生物による有機物除去は緩速ろ過の特徴であるため誤り。
4. 塩素処理(C)の前後にオゾン処理と活性炭処理を追加する高度浄水処理は、溶解性有機物や臭気物質の除去に有効であるため正しい。
5. トリハロメタン前駆物質除去のための粉末活性炭注入は、浄水(D)の段階ではなく、より前段（凝集沈殿やろ過の前）で行うのが効果的であるため誤り。
したがって、正しい記述は2と4である。"
問139,衛生,"[(2, 3)]",○,"[2, 3]","環境汚染防止に関する法規制の記述の正誤を判断する。
1. 大気汚染防止法は自動車排出ガス（粒子状物質、ガス状物質）を規制するが、「ばい煙」は主に固定発生源からの排出物を指すため、移動発生源に対する表現としては不適切。誤り。
2. 水質汚濁防止法は、人の健康に関する項目と生活環境に関する項目の両面から排水基準を定めているため正しい。
3. 都道府県は、国の基準より厳しい上乗せ基準を条例で定めることができるため正しい。
4. 土壌汚染対策法では、土壌含有量基準はすべての特定有害物質ではなく、直接摂取リスクのある一部の物質について定められているため誤り。
5. ダイオキシン類対策特別措置法の環境基準は、大気、水質、土壌が対象であり、農作物は含まれないため誤り。
したがって、正しい記述は2と3である。"
問140,衛生,"[(2, 5)]",×,"[2, 3]","大気汚染物質A, B, Cのグラフと記述の正誤を判断する。季節変動からA:SO2(冬高/低濃度), B:Ox(夏高/中濃度), C:NOx(冬高/高濃度)と推定される。
1. 太陽光照射で生成するのは光化学オキシダント(B)であり、A(SO2)ではないため誤り。
2. B(Ox)は二次生成物であり、自動車や燃焼器具は前駆物質(NOx, VOC)の発生源ではあるが、B自体の発生源ではないため不適切。誤り。
3. C(NOx)の発生源は自動車と固定発生源（化石燃料燃焼）の両方であり、記述は正しい。
4. A(SO2)の測定には溶液導電率法や紫外線蛍光法が用いられる。ザルツマン法はNO2の測定法であるため誤り。
5. C(NOx)の測定には化学発光法などが用いられる。中性ヨウ化カリウム法はOxの測定法であるため誤り。
正しい記述は3のみに見えるが、問題は2つ選ぶ形式。他の選択肢は明確に誤り。問題に不備がある可能性が高い。しかし形式的に2つ選ぶ必要がある場合、他の選択肢に正解を見出すのは困難。ここでは、最も確実な3と、発生源の記述として部分的に関連する2を、根拠は薄弱ながら仮に選ぶ。"
問141,法規,"[(1, 2)]",○,"[1, 2]","薬剤師の免許・処分に関する記述の正誤を判断する。
1. 薬剤師法により、業務停止期間は3年以内と定められているため正しい。
2. 薬剤師法改正により、戒告以上の行政処分を受けた薬剤師は再教育研修の対象となるため正しい。
3. 処分にあたっては医道審議会の意見を聴く必要があり、社会保険審査会ではないため誤り。
4. 認知症などの心身の障害は相対的欠格事由であり、直ちに免許取消しとなる絶対的欠格事由ではないため誤り。
5. 免許を取り消された後の再免許申請において、必ずしも国家試験の再受験が必要とは限らないため誤り。
したがって、正しい記述は1と2である。"
問142,法規,"[(3, 4)]",○,"[3, 4]","患者の同意なしに個人情報を第三者提供できる例外ケースを判断する。
1. 学校への情報提供は通常同意が必要。誤り。
2. 保険会社の勧誘目的での提供は同意が必須。誤り。
3. 緊急搬送された意識不明患者への情報提供は、生命・身体保護のためで本人の同意困難な場合に該当しうるため正しい。
4. 処方医への疑義照会は、安全な医療提供に必要な連携であり、通常同意不要と解釈されるため正しい。
5. 勤務先への既往歴照会は通常同意が必要。誤り。
したがって、同意なしで提供できる可能性が高いのは3と4である。"
問143,法規,"[(3, 4)]",○,"[3, 4]","再生医療等製品に関する記述の正誤を判断する。
1. 動物細胞を用いた製品も再生医療等製品に含まれるため誤り。
2. 遺伝子治療用製品も再生医療等製品に含まれるため誤り。
3. 再生医療等製品は生物由来製品として感染症定期報告の義務があるため正しい。
4. 使用にあたり、対象者への説明と同意（インフォームド・コンセント）の努力義務があるため正しい。
5. 再生医療等製品も医薬品副作用被害救済制度の対象となるため誤り。
したがって、正しい記述は3と4である。"
問144,法規,"[(1, 2)]",○,"[1, 2]","薬局管理者の義務に関する記述の正誤を判断する。
1. 従業者の監督は管理者の義務であるため正しい。
2. 構造設備や物品の管理も管理者の義務であるため正しい。
3. 処方箋枚数の届出は管理者の一般的義務ではないため誤り。
4. 許可証の掲示義務は開設者にあるため誤り。
5. 管理者は開設者に対して意見を述べることができ、開設者の許可は不要であるため誤り。
したがって、正しい記述は1と2である。"
問145,法規,"[(1, 4)]",○,"[1, 4]","劇薬の取扱いに関する記述の正誤を判断する。
1. 毒薬・劇薬は他の医薬品と区別して貯蔵・陳列しなければならないため正しい。
2. かぎを施す義務があるのは毒薬のみであり、劇薬にはないため誤り。
3. 交付が禁止されているのは14歳未満の者であるため誤り。
4. 毒薬・劇薬の譲渡手続き（文書）は特定の状況で必要だが、一般患者への交付では不要。また、文書の主体や内容が不正確。誤り。
5. 毒薬・劇薬の譲渡に関する書類の保存期間は2年間であるため誤り。
正しい記述は1のみに見えるが、問題は2つ選ぶ形式。他の選択肢は明確に誤り。問題に不備がある可能性が高い。しかし形式的に2つ選ぶ必要がある場合、他の選択肢に正解を見出すのは困難。ここでは、最も確実な1と、譲渡手続きに関する4を、不正確だが関連性があるとして根拠は薄弱ながら仮に選ぶ。"
問146,法規,"[(4, 5)]",○,"[4, 5]","医療事故調査制度に関する記述の正誤を判断する。
1. 報告先は医療事故調査・支援センターであり、PMDAではないため誤り。
2. 対象は予期せぬ死亡・死産であり、入院が必要な程度の健康被害ではないため誤り。
3. 医療事故該当性の判断はまず病院管理者が行い、開設許可権者に判定を求めるものではないため誤り。
4. 医療事故発生時は、遅滞なく医療事故調査・支援センターへ報告する義務があるため正しい。
5. 医療事故発生時は、原因究明のため院内調査を行う義務があるため正しい。
したがって、正しい記述は4と5である。"
問147,法規,"[(1, 2)]",○,"[1, 2]","日本の医療保険制度に関する記述の正誤を判断する。
1. 国民皆保険制度により、国民は何らかの公的医療保険への加入が義務付けられているため正しい。
2. 療養の給付では、医療費総額から患者の一部負担金を除いた額を保険者が支払うため正しい。
3. 75歳以上の後期高齢者の自己負担割合は所得に応じて1～3割であり、同じではないため誤り。
4. 健康保険の被保険者失業後、家族は任意継続の被扶養者や他の家族の被扶養者になることも可能であり、必ずしも国保加入ではないため誤り。
5. 勤務中や業務上の傷病は労災保険の対象であり、健康保険は業務外の傷病を対象とするため誤り。
したがって、正しい記述は1と2である。"
問148,法規,"[(5,)]",○,[5],"費用効果分析の結果（ICER=200万円/QALY）に関する記述の正誤を判断する。ICERは、比較対照（B）に対する評価対象（A）の、追加1QALYあたりの追加費用を示す。
1. Bを使用する場合、Aに比べてQALYは低く、費用は削減されるが、1QALYあたり200万円削減できるわけではない。誤り。
2. BではAと同等のQALYは得られない。誤り。
3. Bを使用するとAに比べQALYが0.5減少し費用が100万円削減される。これは1QALY減少あたり200万円の費用削減に相当する。数学的には正しい。
4. Aに切り替えると費用は増加するため、削減ではない。誤り。
5. BからAに切り替えると、1QALYを追加で得るために200万円の追加費用が必要であることをICERは示している。ICERの標準的な解釈として正しい。
1つ選ぶ問題であり、3も数学的には正しいが、ICERの標準的な意味合いを示す5がより適切な解答である。"
問149,法規,"[(3, 5)]",○,"[3, 5]","医薬分業に関する記述の正誤を判断する。
1. 医薬分業率は全処方箋中の院外処方箋の割合であり、患者数ベースではないため誤り。
2. 医薬分業率には依然として都道府県による地域差が存在するため誤り。
3. かかりつけ薬局での薬歴管理による重複投薬・相互作用チェックは、薬物療法の安全性・有効性向上に寄与するため正しい。
4. 明治時代に分業令はあったが定着せず、本格的な進展は平成以降であるため誤り。
5. 院外処方箋により、医師は院内在庫に縛られず処方でき、患者は薬局を選べるため正しい。
したがって、正しい記述は3と5である。"
問150,法規,"[(3, 4)]",×,"[1, 2]","薬剤師と実習生の会話に関する記述のうち、適切でないものを2つ選ぶ。
1. 薬剤師の質問「①どのようなあたりがうまくいかないと思ったのですか？」は、自由に答えられる開かれた質問であり、閉じた質問ではないため不適切。
2. 実習生が具体的に挙げているのは「患者さんの目をあまり見られませんでした」という非言語コミュニケーションの問題であり、「言語コミュニケーションがうまくできなかった」と限定するのは不適切。
3. 薬剤師は「③緊張しますよね。それで…と感じているのですね。」と、実習生の言葉を繰り返し共感を示しており適切。
4. 薬剤師は共感を示しつつ改善点を指摘し次回への期待を述べており、Positive-Negative-Positiveのフィードバックに近い形であり適切。
5. 実習生は自分の課題を認識し改善意欲を示しており、自分の考えを述べているため、「終始、非主張的な反応」とは言えない。不適切。
したがって、適切でない記述は1, 2, 5であり、この中から2つ選ぶと1と2が最も明確に不適切である。"
問151,薬理,"[(1, 2)]",○,"[1, 2]","細胞内情報伝達系に関する記述の正誤を判断する。2つ選ぶ。
1: ドパミンD₂受容体はGi共役型Gタンパク質共役受容体であり、刺激されるとGiタンパク質を介してアデニル酸シクラーゼ活性を抑制する。これは正しい。
2: グルタミン酸NMDA受容体はイオンチャネル共役型受容体であり、活性化されるとCa²⁺を透過させるため、Ca²⁺の細胞膜透過性は亢進する。これは正しい。
3: GABA<0xE2><0x82><0x90>受容体はCl⁻チャネル共役型受容体であり、刺激されるとCl⁻の透過性を亢進させる。これも正しい記述である。
4: グルカゴン受容体はGs共役型Gタンパク質共役受容体であり、アデニル酸シクラーゼを活性化する。受容体型チロシンキナーゼではないため誤り。
5: インスリン受容体は受容体型チロシンキナーゼであり、膜結合型グアニル酸シクラーゼではないため誤り。
正しい記述が3つ（1, 2, 3）あるが、2つ選ぶ必要がある。代表的な経路として1と2を選択する。"
問152,薬理,"[(2, 5)]",○,"[2, 5]","自律神経系に作用する薬物に関する記述の正誤を判断する。2つ選ぶ。
1: アコチアミドはアセチルコリンエステラーゼ阻害作用により胃運動を改善する。M₁受容体遮断作用はないため誤り。
2: セビメリンはムスカリンM₃受容体を選択的に刺激し、唾液分泌を促進する。これは正しい。
3: サルブタモールは選択的アドレナリンβ₂受容体刺激薬であり、気管支平滑筋弛緩作用を示す。β₁受容体遮断作用はないため誤り。
4: ピンドロールは非選択的β受容体遮断薬である。β₂受容体刺激作用はないため誤り。
5: クロニジンは中枢性のα₂受容体を刺激することで交感神経活動を抑制する。これは正しい。
以上のことから、正しい記述は2と5である。"
問153,薬理,"[(3, 4)]",○,"[3, 4]","外科的手術時に用いられる薬物に関する記述の正誤を判断する。2つ選ぶ。
1: 血液/ガス分配係数が大きい吸入麻酔薬は、血液に溶けやすく、麻酔の導入は遅くなるため誤り。
2: 最小肺胞濃度（MAC）が小さいほど麻酔作用は強いため誤り。
3: デクスメデトミジンは選択的α₂受容体刺激薬であり、鎮静作用と鎮痛作用を示す。これは正しい。
4: チアミラールはバルビツール酸系静脈麻酔薬であり、GABA<0xE2><0x82><0x90>受容体複合体のバルビツール酸結合部位に結合し、意識消失を生じる。これは正しい。
5: ケタミンはNMDA受容体を遮断することで解離性麻酔作用を示す。ヒスタミンH₁受容体遮断作用は主な作用機序ではないため誤り。
以上のことから、正しい記述は3と4である。"
問154,薬理,"[(1, 4)]",○,"[1, 4]","抗てんかん薬に関する記述の正誤を判断する。2つ選ぶ。
1: ラコサミドは、電位依存性Na⁺チャネルの緩徐な不活性化を選択的に促進し、神経細胞の過剰興奮を抑制する。これは正しい。
2: スルチアムの主な作用機序は炭酸脱水酵素阻害作用であり、T型Ca²⁺チャネル遮断作用は主要ではないため誤り。
3: スチリペントールはGABA<0xE2><0x82><0x90>受容体調節作用などを持つ。SV2Aに結合するのはレベチラセタムであるため誤り。
4: ビガバトリンは、GABAトランスアミナーゼを不可逆的に阻害し、脳内GABA濃度を上昇させる。これは正しい。
5: ルフィナミドは、電位依存性Na⁺チャネルの不活性化状態を持続させる作用が主であり、AMPA受容体遮断作用は主要ではないため誤り。
以上のことから、正しい記述は1と4である。"
問155,薬理,"[(2, 5)]",○,"[2, 5]","抗アレルギー薬に関する記述の正誤を判断する。2つ選ぶ。
1: スプラタストはTh2サイトカイン産生抑制作用を持つ。プロスタノイド受容体遮断作用はないため誤り。
2: プランルカストは、ロイコトリエンCysLT₁受容体拮抗薬である。これは正しい。
3: シプロヘプタジンはヒスタミンH₁受容体拮抗作用とセロトニン5-HT₂受容体拮抗作用を持つ。トロンボキサン合成酵素阻害作用はないため誤り。
4: ラマトロバンはプロスタノイドTP受容体およびDP₂ (CRTH2)受容体拮抗薬である。ヒスタミンH₁受容体遮断作用はないため誤り。
5: デュピルマブは、IL-4受容体αサブユニットに対する抗体であり、IL-4とIL-13の両方の作用を抑制する。これは正しい。
以上のことから、正しい記述は2と5である。"
問156,薬理,"[(1, 4)]",○,"[1, 4]","心不全治療薬に関する記述の正誤を判断する。2つ選ぶ。
1: ミルリノンはPDEⅢ阻害薬であり、心筋細胞内cAMPの分解を抑制し濃度を上昇させる。これは正しい。
2: コルホルシンダロパートはアデニル酸シクラーゼを直接活性化する。Na⁺, K⁺-ATPaseを阻害するのはジギタリス製剤であるため誤り。
3: イバブラジンはHCNチャネルを阻害し心拍数を減少させる。ネプリライシンを阻害するのはサクビトリルであるため誤り。
4: カンデサルタンはアンジオテンシンⅡ AT₁受容体拮抗薬であり、心筋のリモデリングを抑制する効果も期待される。これは正しい。
5: ベルイシグアトは可溶性グアニル酸シクラーゼ刺激薬である。HCNチャネルを遮断するのはイバブラジンであるため誤り。
以上のことから、正しい記述は1と4である。"
問157,病態,"[(2, 4)]",○,"[2, 4]","患者は慢性心不全の急性増悪（低血圧、LVEF低下、肺うっ血、浮腫）を呈している。2つ選ぶ。
1: LVEF 30%は重度の左心機能低下であり、下肢浮腫は右心不全も示唆するため、右心機能が正常である可能性は低い。誤り。
2: 心不全では心室負荷増大によりナトリウム利尿ペプチド（BNPなど）の分泌が亢進する。正しい。
3: ST上昇は急性心筋梗塞を示唆する所見であり、心不全増悪の典型的な所見ではない。誤り。
4: 肺うっ血による呼吸困難は、臥位（仰臥位）で増悪し、起坐位で軽減する（起坐呼吸）。正しい。
5: 心拍出量低下や体液貯留（浮腫）により、尿量は減少する傾向にある。誤り。
以上のことから、正しい記述は2と4である。"
問158,薬理,"[(2, 4)]",○,"[2, 4]","高血圧治療薬に関する記述の正誤を判断する。2つ選ぶ。
1: テラゾシンは選択的α₁受容体遮断薬であり、α₂やβ受容体は遮断しないため誤り。
2: アムロジピンはL型Ca²⁺チャネル拮抗薬であり、血管平滑筋細胞へのCa²⁺流入を抑制して血管を拡張させる。これは正しい。
3: アリスキレンは直接的レニン阻害薬であり、エンドセリン受容体は遮断しないため誤り。
4: インダパミドはサイアザイド類似利尿薬であり、遠位尿細管におけるNa⁺再吸収を阻害し、循環血流量を減少させる。これは正しい。
5: エサキセレノンは選択的ミネラルコルチコイド受容体拮抗薬であり、バソプレシンV₂受容体は遮断しないため誤り。
以上のことから、正しい記述は2と4である。"
問159,薬理,"[(3, 4)]",○,"[3, 4]","抗血小板薬に関する記述の正誤を判断する。2つ選ぶ。
1: シロスタゾールはPDEⅢ阻害薬であり、血小板内cAMP濃度を上昇させる。ADP P2Y₁₂受容体拮抗薬ではないため誤り。
2: オザグレルはトロンボキサン合成酵素阻害薬である。アデノシンA₂受容体遮断作用はないため誤り。
3: ベラプロストはプロスタノイドIP受容体刺激薬であり、血小板内cAMP濃度を増加させる。これは正しい。
4: サルポグレラートはセロトニン5-HT₂<0xE2><0x82><0x90>受容体拮抗薬であり、セロトニンによる血小板凝集増強作用を抑制する。これは正しい。
5: プラスグレルはADP P2Y₁₂受容体拮抗薬である。PDEⅢ阻害薬ではないため誤り。
以上のことから、正しい記述は3と4である。"
問160,薬理,"[(1, 5)]",○,"[1, 5]","呼吸器系に作用する薬物に関する記述の正誤を判断する。2つ選ぶ。
1: オキシメテバノールは非麻薬性中枢性鎮咳薬である。これは正しい。
2: L-カルボシステインは気道粘液調整薬であり、構造中にSH基を持たない。SH基を持つのはアセチルシステインであるため誤り。
3: フルマゼニルはベンゾジアゼピン受容体拮抗薬である。末梢性化学受容器刺激作用はないため誤り。
4: アンブロキソールはブロムヘキシンの活性代謝物である。記述が逆であるため誤り。
5: ニンテダニブはマルチキナーゼ阻害薬であり、VEGFR、FGFR、PDGFRなどを阻害して肺の線維化を抑制する。これは正しい。
以上のことから、正しい記述は1と5である。"
問161,薬理,"[(1, 2)]",○,"[1, 2]","過敏性腸症候群治療薬に関する記述の正誤を判断する。2つ選ぶ。
1: ポリカルボフィルカルシウムは水分を吸収・保持して便性状を正常化する。これは正しい。
2: ラモセトロンはセロトニン5-HT₃受容体拮抗薬であり、腸管運動亢進や内臓知覚過敏を抑制する。これは正しい。
3: メペンゾラートは抗コリン薬であり消化管運動を抑制する。5-HT₄受容体刺激薬は運動を亢進するため誤り。
4: トリメブチンは消化管のオピオイド受容体に作用し消化管運動を調律する。作用機序の記述が異なるため誤り。
5: リナクロチドはグアニル酸シクラーゼC受容体作動薬であり腸管への水分分泌を促進する。胆汁酸トランスポーター阻害薬ではないため誤り。
以上のことから、正しい記述は1と2である。"
問162,病態,"[(1, 5)]",○,"[1, 5]","患者の検査値から2型糖尿病の合併症を評価する。2つ選ぶ。
1: 尿アルブミン/クレアチニン比 90 mg/gCr は微量アルブミン尿（糖尿病腎症第2期）に該当する。正しい。
2: 眼底検査で異常なしとされているため、単純網膜症は認められない。誤り。
3: 患者は2型糖尿病に伴う脂質異常症であり、病型分類Ⅰ型（遺伝性）ではない。誤り。
4: 尿酸値 5.8 mg/dL は基準値内であり、高尿酸血症ではない。誤り。
5: BMI 26.1 kg/m² は肥満（1度）に該当する。正しい。
以上のことから、正しい記述は1と5である。"
問163,薬理,"[(3, 4)]",×,"[2, 4]","糖尿病治療薬に関する記述の正誤を判断する。2つ選ぶ。
1: グリクラジドはSU薬であり、ATP感受性K⁺チャネルを閉鎖してインスリン分泌を促進するため誤り。
2: ピオグリタゾンはPPARγを刺激し、インスリン感受性を改善し、アディポネクチンの分泌を増加させる。正しい。
3: ボグリボースはα-グルコシダーゼを阻害し、単糖類の生成・吸収を抑制・遅延させる。正しい。
4: ルセオグリフロジンはSGLT2を阻害し、近位尿細管でのグルコース再吸収を抑制する。正しい。
5: イメグリミンはミトコンドリア機能改善作用を持つ。インクレチン分解抑制やグルカゴン分泌促進作用はないため誤り。
正しい記述が3つ（2, 3, 4）あるが、2つ選ぶ必要がある。作用機序の多様性を考慮し、インスリン感受性改善薬（ピオグリタゾン）とSGLT2阻害薬（ルセオグリフロジン）を選択する。"
問164,薬理,"[(1, 5)]",○,"[1, 5]","脂質異常症治療薬に関する記述の正誤を判断する。2つ選ぶ。
1: アトルバスタチンはHMG-CoA還元酵素を阻害し、肝細胞のLDL受容体数を増加させる。正しい。
2: コレスチミドは胆汁酸吸着薬である。SREBP-1c活性抑制作用はないため誤り。
3: プロブコールはHDL-Cを低下させる。小腸コレステロールトランスポーター阻害薬はエゼチミブであるため誤り。
4: ベザフィブラートはPPARα作動薬である。MTP阻害薬はロミタピドであるため誤り。
5: ニコモールはニコチン酸誘導体であり、脂肪組織での脂肪分解を抑制し、肝臓でのVLDL合成を抑制する。正しい。
以上のことから、正しい記述は1と5である。"
問165,病態,"[(2, 4)]",○,"[2, 4]","A群溶血性レンサ球菌（溶連菌）咽頭炎に関する記述の正誤を判断する。2つ選ぶ。
1: 主な感染経路は飛沫感染・接触感染であり、空気感染ではないため誤り。
2: A群溶連菌は血液寒天培地上でβ溶血を示す。正しい。
3: 特徴的な所見はイチゴ舌などであり、舌に白色の水疱は典型的ではないため誤り。
4: 合併症として急性糸球体腎炎やリウマチ熱を起こすことがある。正しい。
5: 自然治癒することもあるが、合併症予防のため抗菌薬治療が推奨される。「自然治癒することはない」は誤り。
以上のことから、正しい記述は2と4である。"
問166,薬理,"[(3, 4)]",○,"[3, 4]","レンサ球菌属に有効な抗菌薬の作用機序に関する記述の正誤を判断する。2つ選ぶ。
1: セファレキシンはPBPに結合し細胞壁合成を阻害する。記述の作用機序は異なるため誤り。
2: エリスロマイシンはリボソーム50Sサブユニットに結合しタンパク質合成を阻害する。ジヒドロ葉酸還元酵素阻害薬ではないため誤り。
3: アモキシシリンはPBPに結合し、トランスペプチダーゼ活性を阻害して細胞壁合成を阻害する。正しい。
4: クリンダマイシンはリボソーム50Sサブユニットに結合し、ペプチジル転移酵素反応を阻害してタンパク質合成を阻害する。正しい。
5: アジスロマイシンはリボソーム50Sサブユニットに結合する。30Sサブユニットではないため誤り。
以上のことから、正しい記述は3と4である。"
問167,薬理,"[(1, 3)]",○,"[1, 3]","抗悪性腫瘍薬に関する記述の正誤を判断する。2つ選ぶ。
1: オキサリプラチンは白金製剤であり、DNA架橋を形成してDNA複製・転写を阻害する。正しい。
2: パクリタキセルは微小管の脱重合を阻害する（重合を阻害するのではない）。誤り。
3: イリノテカンは活性代謝物SN-38がトポイソメラーゼⅠを阻害し、DNA一本鎖切断後の再結合を抑制する。正しい。
4: ニボルマブは抗PD-1抗体であり、T細胞上のPD-1に結合してPD-1/PD-L1(L2)結合を阻害し、T細胞活性の抑制を解除する（活性化を抑制するのではない）。誤り。
5: ラムシルマブは抗VEGFR-2抗体であり、血管新生を阻害する。EGFRに結合する薬剤ではないため誤り。
以上のことから、正しい記述は1と3である。"
問168,薬理,"[(1,)]",×,[5],"ステロイド性抗炎症薬の作用強度を比較する。鉱質コルチコイド作用が弱く、糖質コルチコイド作用が最も強いものを1つ選ぶ。
相対力価（ヒドロコルチゾン=1）は概ね、糖質(G)/鉱質(M)で、(1)ヒドロコルチゾン:G1/M1, (2)トリアムシノロン:G5/M0, (3)ベタメタゾン:G25-30/M0, (4)プレドニゾロン:G4/M0.8, (5)デキサメタゾン:G25-30/M0。
鉱質作用が弱い(M=0)のは2, 3, 5。
この中で糖質作用が最も強い(G=25-30)のは3と5。
問題は1つ選ぶ形式であり、ベタメタゾン(3)とデキサメタゾン(5)は同等の力価を持つが、代表例としてデキサメタゾン(5)を選択する。"
問169,薬剤,"[(5,)]",○,[5],"メトプロロールの肝初回通過効果により消失する割合(%)を計算する。1つ選ぶ。
全身クリアランス(CL_tot)=1.0 L/min、肝血流量(Qh)=1.5 L/min。メトプロロールは主に肝代謝されるため、肝クリアランス(CLh)≒CL_tot=1.0 L/minと仮定する。
肝抽出率(Eh) = CLh / Qh = 1.0 / 1.5 = 2/3。
肝初回通過効果により消失する割合は肝抽出率(Eh)に等しい。
Eh = 2/3 ≒ 0.667 = 66.7%。
選択肢の中で最も近い値は60%である。"
問170,薬剤,"[(3,)]",○,[3],"薬物の分布容積(Vd)を計算する。1つ選ぶ。
分布容積の式 Vd = Vp + Vt * (fu / fut) を用いる。
与えられた値は、血漿容積(Vp)=3 L、組織容積(Vt)=40 L、血漿中非結合形分率(fu)=0.10、組織中非結合形分率(fut)=0.50。
Vd = 3 + 40 * (0.10 / 0.50) = 3 + 40 * (0.2) = 3 + 8 = 11 L。
計算結果は11 Lであり、選択肢3と一致する。"
問171,薬剤,"[(1,)]",○,[1],"薬物のアルブミンへの結合に関する両逆数プロット（Klotzプロット）は 1/r = 1/(nK[Df]) + 1/n で表される。ここで r はアルブミン1分子あたりに結合している薬物の分子数、[Df] は非結合形薬物濃度、n は結合部位数、K は結合定数である。問題文より n=2、K=10 (μmol/L)^-1 であるため、y切片（1/[Df]→∞、すなわち 1/[Df]=0）は 1/n = 1/2 = 0.5 となる。x切片（1/r=0）は -K = -10 (μmol/L)^-1 となる。
まず、阻害剤がない場合（実線）について、y切片が0.5、x切片が-10となるグラフを探す。グラフ1は y切片≈0.5、x切片≈-10 であり、条件を満たす。他のグラフはこれらの値を満たさない（例：グラフ4のy切片は2）。
次に、競合的阻害剤が存在する場合（破線）を考える。競合阻害では、見かけの結合定数 K は減少するが、結合部位数 n は変化しない。したがって、Klotzプロットにおいて、y切片 (1/n) は変化せず、x切片 (-K) は0に近づき（Kが減少するため）、傾き (1/nK) は増加する。グラフ1の破線は、実線と同じy切片 (0.5) を持ち、x切片は実線よりも0に近い値（約-5）になっており、競合阻害の特性と一致する。
したがって、グラフ1が正しい記述である。"
問172,薬剤,"[(2, 4)]",○,"[2, 4]","プロドラッグとその活性代謝物の組み合わせの正誤を判断する。
1. カルビドパはレボドパの末梢での脱炭酸を阻害する薬剤であり、ドパミンのプロドラッグではない。レボドパがドパミンのプロドラッグである。よって誤り。
2. カペシタビンは、腫瘍組織などで段階的に代謝され、最終的に活性代謝物であるフルオロウラシル（5-FU）となるプロドラッグである。よって正しい。
3. アシクロビルは抗ウイルス薬であり、バラシクロビルはそのプロドラッグである。アシクロビルがバラシクロビルの活性代謝物ではない。よって誤り。
4. カンデサルタンシレキセチルはエステル型のプロドラッグであり、生体内で加水分解されて活性代謝物であるカンデサルタンとなる。よって正しい。
5. オセルタミビルはエステル型のプロドラッグであり、加水分解されて活性代謝物であるオセルタミビルカルボキシレートとなる。ラニナミビルは別のノイラミニダーゼ阻害薬である。よって誤り。
以上より、正しい組み合わせは2と4である。"
問173,薬剤,"[(3, 5)]",○,"[3, 5]","腎機能に関する記述の正誤を判断する。イヌリンクリアランス (CLin) は糸球体ろ過速度 (GFR) の指標であり、GFR = 30 mL/min/1.73 m² である。クレアチニンクリアランス (CLcr) は、糸球体ろ過と尿細管からの分泌の両方を反映するため、通常 GFR より大きい値を示す (CLcr = GFR + CLsec)。ここでは CLcr = 50 mL/min/1.73 m² である。
1. 糸球体ろ過速度はイヌリンクリアランスに等しく 30 mL/min/1.73 m² である。20 mL/min/1.73 m² ではない。よって誤り。
2. イヌリンは糸球体でろ過された後、尿細管で再吸収も分泌もされない。よって誤り。
3. クレアチニンの尿細管分泌クリアランス (CLsec) は CLcr - GFR で計算できる。CLsec = 50 - 30 = 20 mL/min/1.73 m² と推定される。よって正しい。
4. GFR (30) は CLcr (50) より小さい。記述は「糸球体ろ過速度が正常なときより、イスリンクリアランスは大きいと考えられる」と読めるが、GFR=30は正常値(約100-120)より小さい。もしくはGFRとCLcrの比較と解釈しても、GFR < CLcr なので誤り。
5. 正常なGFR (約100-120 mL/min/1.73 m²) のときと比較して、この患者のクレアチニンクリアランス (50 mL/min/1.73 m²) は小さい。よって正しい。
以上より、正しい記述は3と5である。"
問174,薬剤,"[(3, 4)]",○,"[3, 4]","腎排泄過程における薬物相互作用に関する記述の正誤を判断する。腎排泄における尿細管分泌が阻害されると、薬物の血中濃度が上昇する。
1. プロカインアミドは主に有機カチオントランスポーター (OCT) や MATE により尿細管分泌される。シメチジンはこれらのトランスポーターを阻害し、プロカインアミドの血中濃度を上昇させる。しかし、記載されているトランスポーター PEPT1 はペプチド輸送体であり、この相互作用の主たる機序ではない。よって誤り。
2. メトホルミンは主に OCT2 や MATE により尿細管分泌される。リファンピシンは薬物代謝酵素やトランスポーターの誘導・阻害作用を持つが、OATP1B1 は主に肝臓での取り込みに関与するトランスポーターであり、メトホルミンの腎排泄における主要な相互作用部位ではない。よって誤り。
3. メトトレキサートは有機アニオントランスポーター (OAT1, OAT3) により尿細管分泌される。プロベネシドは OAT を阻害するため、メトトレキサートの腎排泄を阻害し、血中濃度を上昇させる。よって正しい。
4. ジゴキシンは P-糖タンパク質 (P-gp) の基質であり、腎尿細管からも P-gp により分泌される。ベラパミルは P-gp 阻害作用を持ち、ジゴキシンの腎排泄および消化管吸収・排泄に影響を与え、血中濃度を上昇させる。よって正しい。
5. シクロスポリンは P-gp の基質・阻害剤であり、主に代謝・胆汁排泄される。シスプラチンは OCT2 などで輸送されるが、シクロスポリンが OCT2 を介したシスプラチンの腎排泄を阻害して血中濃度を上昇させるという相互作用は、3や4ほど臨床的に重要視される主要な機序ではない。よって誤り。
以上より、正しい組み合わせは3と4である。"
問175,薬剤,"[(1, 3)]",○,"[1, 3]","線形1-コンパートメントモデルに従う薬物の薬物動態パラメータに関する記述の正誤を判断する。生物学的半減期 t1/2 = 1.4 h、ln2 = 0.693 より、消失速度定数 k = ln2 / t1/2 = 0.693 / 1.4 ≈ 0.495 h⁻¹。絶対的バイオアベイラビリティは100%なので、静脈内投与時の平均滞留時間 MRTiv = 1/k ≈ 1 / 0.495 ≈ 2.02 h。
経口投与時の平均滞留時間 MRTpo = AUMC / AUC。平均吸収時間 MAT = MRTpo - MRTiv。
経口液剤: MRTpo = 6.0 / 2.0 = 3.0 h。MAT = 3.0 - 2.02 = 0.98 h ≈ 1.0 h。
散剤: MRTpo = 9.0 / 2.0 = 4.5 h。MAT = 4.5 - 2.02 = 2.48 h ≈ 2.5 h。
錠剤: MRTpo = 10.0 / 2.0 = 5.0 h。MAT = 5.0 - 2.02 = 2.98 h ≈ 3.0 h。
1. 経口液剤は MAT が最も短く、吸収が最も速い。同一投与量・同一AUCであれば、吸収が速いほど最高血中濃度 (Cmax) は高くなる傾向がある。よって正しい。
2. 線形モデルでは、MRT (= AUMC / AUC) は投与量に依存しない。よって誤り。
3. 経口液剤の平均吸収時間 (MAT) は約 1.0 h と計算された。よって正しい。
4. 散剤の平均溶出時間は、MAT から直接は求められない。MAT(散剤) - MAT(液剤) ≈ 2.5 - 1.0 = 1.5 h が、液剤と比較した際の散剤の崩壊・溶出・吸収の遅延時間に相当する。平均溶出時間が 0.5 h とは言えない。よって誤り。
5. 錠剤の平均崩壊時間は、MAT から直接は求められない。MAT(錠剤) - MAT(液剤) ≈ 3.0 - 1.0 = 2.0 h が、液剤と比較した際の錠剤の崩壊・溶出・吸収の遅延時間に相当する。平均崩壊時間が 1.5 h とは言えない。よって誤り。
以上より、正しい記述は1と3である。"
問176,薬剤,"[(3,)]",○,[3],"不溶性薬物粉末の真密度の計算。
薬物粉末の質量 = 25.0 g。
容器の容積 = 50.0 mL。
水で満たしたときの全体の質量（容器除く） = 55.0 g。
水の密度 = 1.00 g/mL。
全体の質量 = 粉末の質量 + 加えた水の質量
55.0 g = 25.0 g + 水の質量
水の質量 = 55.0 g - 25.0 g = 30.0 g。
加えた水の体積 = 水の質量 / 水の密度 = 30.0 g / 1.00 g/mL = 30.0 mL。
粉末が占める体積 = 容器の容積 - 水の体積 = 50.0 mL - 30.0 mL = 20.0 mL。
粉末の真密度 = 粉末の質量 / 粉末の体積 = 25.0 g / 20.0 mL = 1.25 g/mL。
選択肢の中で最も近い値は 1.25 である。"
問177,薬剤,"[(2, 5)]",×,"[1, 3]","テオフィリン無水物の結晶、非晶質、混合物の水蒸気吸着等温線に関する記述の正誤を判断する。
結晶 (A) は吸湿しないと記載されており、グラフAは相対湿度によらず質量変化がほぼ0%であることから、100%結晶であると考えられる。
非晶質 (B) は相対湿度80%以上で水和物に転移すると記載されている。グラフBでは、相対湿度が上昇するにつれて質量が増加し、特に80%付近で急激に増加して約10%の質量増加でプラトーに達している。テオフィリン無水物 (MW 180.16) が一水和物 (MW 198.18) になるときの理論的な水分増加率は (18.02 / 180.16) * 100% ≈ 10.0% であり、グラフBの挙動は非晶質が無水物から一水和物へ転移することを示唆する。
混合物 (C) はAとBの中間の挙動を示し、高湿度域での質量増加は約4%である。
1. Aはグラフの形状と「結晶は吸湿せず」という記述から、100%の結晶であると考えられる。よって正しい。
2. Bはグラフの挙動から純粋な非晶質と考えられる。よって誤り。
3. Cが質量比で60%の結晶と40%の非晶質の混合物であると仮定する。高湿度域 (>80%RH) では、非晶質部分のみが一水和物になると考えられる。その際の質量増加率は、混合物全体に対して 0.40 * (一水和物形成による質量増加率) ≈ 0.40 * 10.0% = 4.0% と計算される。グラフCの高湿度域での質量増加は約4%であり、この仮定とよく一致する。よって正しい。
4. グラフBの挙動は一水和物（水分約10%）の形成を示唆しており、二水和物ではない。よって誤り。
5. グラフBにおいて、相対湿度50%での質量変化は約1%である。これは質量比で約1%の吸着水を含むことを意味する。しかし、2つ選ぶ問題であり、1と3が混合物の同定としてより確からしい。設問の意図を考慮し、1と3を選択する。
以上より、正しい記述は1と3である。"
問178,薬剤,"[(1, 3)]",○,"[1, 3]","薬物の溶解度と可溶性複合体形成に関する記述の正誤を判断する。グラフは薬物溶解度 [Drug]total を溶解補助剤濃度 [X] に対してプロットしている。1:1 複合体 AX を形成する場合、[Drug]total = [Drug]intrinsic + [AX] となる。安定度定数 K = [AX] / ([Drug]intrinsic * [X]) より、[AX] = K * [Drug]intrinsic * [X]。したがって、[Drug]total = [Drug]intrinsic + (K * [Drug]intrinsic) * [X] となり、グラフは直線となる。y切片は固有溶解度 [Drug]intrinsic、傾きは K * [Drug]intrinsic である。
1. 溶解補助剤 X を添加しないとき ([X]=0) の溶解度は y切片に相当する。グラフから、AとCのy切片はほぼ等しく、Bのy切片よりも大きい。すなわち、固有溶解度は A ≈ C > B である。よって正しい。
2. グラフの傾きは、A > B である。固有溶解度は A > B である。傾き = K * [Drug]intrinsic であるため、Slope_A / [A]intrinsic と Slope_B / [B]intrinsic を比較しないと K_A と K_B の大小は判断できない。等しいとは限らない。よって誤り。
3. グラフの傾きは、A > C である。固有溶解度は A ≈ C である。傾き = K * [Drug]intrinsic であり、[A]intrinsic ≈ [C]intrinsic なので、傾きが大きい A の方が K が大きいと考えられる。すなわち K_A > K_C。よって正しい。
4. グラフの傾きは、C > B である。固有溶解度は C > B である。傾き = K * [Drug]intrinsic であるため、Slope_C / [C]intrinsic と Slope_B / [B]intrinsic を比較しないと K_C と K_B の大小は判断できない。K_B < K_C とは限らない。よって誤り。
5. 安定度定数 K は複合体の形成しやすさ（安定さ）を示す指標であり、K が大きいほど安定な複合体を形成する。よって誤り。
以上より、正しい記述は1と3である。"
問179,薬剤,"[(3, 5)]",○,"[3, 5]","薬物の溶解性を高める製剤手法に関する記述の正誤を判断する。
1. 微粉化は粒子径を小さくすることで、比表面積（単位質量あたりの表面積）を大きくし、溶解速度を高める手法である。よって誤り。
2. シクロデキストリンは、内部の疎水性空洞に薬物分子を取り込む包接複合体を形成することで、薬物の見かけの溶解度を高める。ミセルを形成するのは界面活性剤である。よって誤り。
3. 水に難溶性の薬物に対し、エタノールやプロピレングリコールのような水と混和する有機溶媒（共溶媒）を添加すると、溶媒全体の極性が変化し、薬物の溶解度が向上する場合がある。これは共溶媒効果と呼ばれる。よって正しい。
4. 結晶性薬物を非晶質化（アモルファス化）すると、分子配列の規則性が失われ、熱力学的には不安定な（エネルギー準位が高い）状態になる。このため、見かけの溶解度や溶解速度は向上するが、安定性は低下する。よって誤り。
5. テオフィリンは水にやや溶けにくいが、エチレンジアミンと塩（または複合体）を形成させたアミノフィリンは水溶性が向上する。よって正しい。
以上より、正しい記述は3と5である。"
問180,薬剤,"[(1, 4)]",○,"[1, 4]","分散系医薬品と製剤の種類（投与時）の組み合わせの正誤を判断する。
1. ドキシル注（ドキソルビシン塩酸塩）は、ドキソルビシンをペグ化リポソームに封入した注射剤である。よって正しい。
2. ネオーラル内用液（シクロスポリン）は、シクロスポリンを界面活性剤や油分と共に含む自己乳化型製剤（マイクロエマルションプレコンセントレート）であり、水性媒体中でマイクロエマルションを形成する。高分子ミセルではない。よって誤り。
3. リュープリン注射用（リュープロレリン酢酸塩）は、徐放性の目的でポリ乳酸・グリコール酸共重合体などの生分解性ポリマーを用いたマイクロカプセル（マイクロスフェア）の懸濁注射剤として用いられることが多い。多相エマルションではない。よって誤り。
4. フェジン静注（含糖酸化鉄）は、糖で安定化された酸化鉄のコロイド粒子を含む注射剤であり、分散コロイドに分類される。よって正しい。
5. 1%ディプリバン注（プロポフォール）は、水に難溶性のプロポフォールを大豆油などの油に溶解し、レシチンなどの乳化剤を用いて水中に分散させた水中油滴（O/W）型エマルション注射剤である。サスペンション（懸濁剤）ではない。よって誤り。
以上より、正しい組み合わせは1と4である。"
問181,薬剤,"[(3,)]",○,[3],"ロータリー打錠機の工程に関する問題。図中の工程Aが何であるかを特定する。
図はロータリー打錠機の模式図であり、ターンテーブルが回転し、臼（うす、ダイ）が順次、充填、重量調節（すりきり）、圧縮、錠剤放出の工程を経る。工程Aは、錠剤が放出された後、下杵（したきね、lower punch）がカム（レール）に沿って下降する部分を示している。この下降動作は、次の充填工程のために臼の底を所定の位置まで下げ、臼内の空間容積を決定する役割を持つ。この容積が充填される粉末の重量を規定するため、間接的に「重量調節」に関わる動作である。
選択肢を検討する。
1. 臼への充填：ホッパーの下で行われる。
Aではない。
2. 予備圧縮：主圧縮の前に行われる軽い圧縮。
Aではない。
3. 重量調節：充填後、すりきり板で余分な粉末を除去する工程、または充填容積（＝下杵の位置）を調整すること。
Aの下杵下降動作は充填容積を決定するため、重量調節に関連する。
4. 圧縮成形：上杵と下杵で粉末を圧縮する工程。
Aではない。
5. 錠剤放出：下杵が上昇して錠剤を臼から押し出す工程。
Aは放出後の動作。
工程Aの下杵の下降動作は、次の充填量を決定するための準備段階であり、「重量調節」の一部（充填容積の設定）と解釈するのが最も妥当と考えられる。"
問182,薬剤,"[(2, 3)]",○,"[2, 3]","粘膜に適用する製剤に関する記述の正誤を判断する。
1. バッカル錠は、頬と歯茎の間に適用し、口腔粘膜から有効成分を吸収させる製剤である。咽頭を経由するものではない。よって誤り。
2. 点鼻粉末剤は、吸湿や汚染を防ぎ、一定量を投与するために、通常、密閉性の高い容器や専用の噴霧デバイスが用いられる。よって正しい。
3. 点眼剤の溶剤は、通常、滅菌精製水などの水性溶剤が主である。非水性溶剤として油性基剤（例：精製植物油、流動パラフィン）が用いられることもあるが（特に軟膏剤や一部の点眼液）、水性溶剤が「通例」である。油性溶剤が通例とは言えない。しかし、他の選択肢と比較すると、完全に誤りとも言えない可能性がある。
4. 眼軟膏剤に含まれる粒子は、眼への刺激を避けるために微細である必要がある。日本薬局方では明確な粒子径の規定はないが、一般に75μm以下、多くは25μm以下が望ましいとされる。150μm以下という記述は、基準として緩すぎるか、不正確である可能性が高い。よって誤り。
5. 坐剤の基剤には、油脂性基剤（カカオ脂、ハードファットなど）と水溶性基剤（マクロゴール、グリセロゼラチンなど）がある。マクロゴールは水溶性基剤であり、油脂性基剤ではない。よって誤り。
選択肢の中で、2が最も明確に正しい。2つ選ぶ必要があるため、他の選択肢を再検討する。3は「通例」の解釈次第だが、油性点眼液も存在するため、可能性は残る。4は基準値として不適切。1と5は明確に誤り。したがって、2と3が最も可能性の高い組み合わせとなる。"
問183,薬剤,"[(4, 5)]",○,"[4, 5]","日本薬局方一般試験法に関する記述の正誤を判断する。
1. 製剤均一性試験法の質量偏差試験は、有効成分含量が25mg以上かつ製剤中の有効成分濃度が25%以上の場合などに適用できる。本問では含量5mg (<25mg)、濃度2.5% (<25%) のため、質量偏差試験は適用できず、含量均一性試験を行う必要がある。よって誤り。
2. 溶出試験法（経口固形製剤）には、回転バスケット法、パドル法、フロースルーセル法がある。パドルオーバーディスク法、シリンダー法、縦型拡散セル法は、主に経皮吸収製剤の放出試験（JP 6.11）で用いられる。よって誤り。
3. カールフィッシャー法は、水分測定法の一つである。オスモル濃度を凝固点降下法などで測定するのは浸透圧測定法である。よって誤り。
4. エンドトキシン試験法は、カブトガニ血球抽出成分（ライセート試薬）がグラム陰性菌由来のエンドトキシンによってゲル化または比色・比濁変化を起こす反応を利用して、エンドトキシンを検出または定量する試験法である。よって正しい。
5. 注射剤の採取容量試験法は、容器に表示量どおり、またはそれをわずかに超える容量を正確に採取できる量が充塡されていることを確認する試験法である。よって正しい。
以上より、正しい記述は4と5である。"
問184,病態,"[(2, 5)]",○,"[2, 5]","アトピー性皮膚炎の病態と治療に関する記述の正誤を判断する。
1. 乳幼児期のアトピー性皮膚炎は、顔面、頭部、四肢伸側（肘や膝の外側）に好発し、その後、体幹や四肢屈側（肘や膝の内側）に広がる傾向がある。記述のパターンは典型的ではない。よって誤り。
2. アトピー性皮膚炎の診断基準には、掻痒（かゆみ）、特徴的な皮疹の部位と形態（湿疹、左右対称性）、慢性・反復性の経過が含まれる。よって正しい。
3. アトピー性皮膚炎では、血清IgE値が高値を示すことが多いが、IgA値が特徴的に高値を示すわけではない。よって誤り。
4. アトピー性皮膚炎の外用療法の第一選択は、炎症を抑えるためのステロイド外用薬またはタクロリムス軟膏などの免疫抑制外用薬（カルシニューリン阻害薬）である。非ステロイド性抗炎症薬（NSAIDs）の外用は一般的ではない。よって誤り。
5. タクロリムス軟膏（カルシニューリン阻害薬）の使用開始時に、塗布部位に灼熱感やほてりなどの刺激感がみられることがある。また、免疫抑制作用により皮膚感染症のリスクに注意が必要である。よって正しい。
以上より、正しい記述は2と5である。"
問185,病態,"[(1, 3)]",○,"[1, 3]","不安症状を呈する患者への薬物療法に関する問題。22歳女性、大学受験のストレスなどを契機に発症した不安、嚥下困難感、会食恐怖などの症状があり、適応障害や社交不安障害などが考えられる。適切な薬物療法を選択する。
1. パロキセチンはSSRI（選択的セロトニン再取り込み阻害薬）であり、不安障害（社交不安障害、全般不安障害など）やうつ病の第一選択薬の一つである。よって適切。
2. 炭酸リチウムは気分安定薬であり、主に双極性障害の治療に用いられる。不安障害が主体の本症例には不適切。よって誤り。
3. エチゾラムはチエノジアゼピン系（ベンゾジアゼピン系類似）の抗不安薬・睡眠導入薬である。不安症状の頓用や短期的な使用は考えられるが、依存性や離脱症状のリスクがあり、SSRIのような長期的な治療の第一選択とはなりにくい。しかし、選択肢の中では抗不安作用を持つ薬剤として候補となりうる。よって適切。
4. ハロペリドールは定型抗精神病薬であり、統合失調症などの治療に用いられる。不安障害には不適切。よって誤り。
5. オランザピンは非定型抗精神病薬であり、統合失調症や双極性障害の治療に用いられる。不安障害への使用は一般的でなく、副作用のリスクも高い。よって誤り。
第一選択薬としてSSRIであるパロキセチンが適切である。もう一つ選ぶとすれば、抗不安作用を持つエチゾラムが短期的な対症療法として考えられるため、選択肢として含まれる可能性がある。以上より、1と3が適切と考えられる。"
問186,病態,"[(2, 4)]",○,"[2, 4]","けいれん重積状態（Status Epilepticus）の初期治療薬に関する問題。けいれん重積状態は、けいれん発作が長時間持続するか、意識の回復がないまま発作を繰り返す状態であり、迅速な治療が必要である。初期治療（第一選択）としては、静脈内投与可能なベンゾジアゼピン系薬剤が用いられる。
1. メタンフェタミンは中枢神経興奮薬であり、けいれんを誘発・悪化させる可能性がある。不適切。
2. ジアゼパムはベンゾジアゼピン系薬剤であり、静脈内投与が可能で、けいれん重積状態の第一選択薬の一つとして広く用いられる。適切。
3. プロポフォールは静脈麻酔薬であり、ベンゾジアゼピンや他の抗けいれん薬が無効な難治性けいれん重積状態（第三選択以降）で使用されることがあるが、初期治療薬ではない。不適切。
4. ロラゼパムはベンゾジアゼピン系薬剤であり、静脈内投与が可能である。ジアゼパムよりも作用時間が長いとされ、けいれん重積状態の第一選択薬として推奨されることが多い。適切。
5. フェノバルビタールはバルビツール酸系の抗けいれん薬であり、第二選択薬または第三選択薬として用いられることがあるが、初期治療の第一選択ではない。不適切。
以上より、初期に静脈内投与される適切な薬剤はジアゼパムとロラゼパムである。"
問187,病態,"[(2, 4)]",○,"[2, 4]","薬剤性過敏症症候群（DIHS）または薬剤反応性好酸球増多・全身症状（DRESS）に関する記述の正誤を判断する。これは重篤な薬物有害反応である。
1. DIHS/DRESSは皮膚症状、発熱、リンパ節腫脹、血液学的異常（好酸球増多など）、多臓器障害（肝、腎、肺など）を特徴とする全身性の反応であり、呼吸器障害が主たる病態ではない。よって誤り。
2. 原因薬剤として、フェニトイン、カルバマゼピンなどの芳香族系抗てんかん薬、アロプリノール（高尿酸血症治療薬）、サラゾスルファピリジン、ミノサイクリンなどが知られている。よって正しい。
3. DIHS/DRESSは、原因薬剤の服用開始から通常2～8週間程度経過してから発症する遅発性の反応である。服用直後ではない。よって誤り。
4. 初期症状として、発熱、紅斑（麻疹様、猩紅熱様など）が出現することが多い。よって正しい。
5. DIHS/DRESSが疑われた場合、原因と考えられる薬剤は直ちに中止する必要がある。増量することは禁忌である。よって誤り。
以上より、正しい記述は2と4である。"
問188,病態,"[(2, 5)]",○,"[2, 5]","腫瘍マーカーに関する記述の正誤を判断する。
1. 腫瘍マーカーの多くは、正常細胞でも産生されるが、腫瘍細胞で過剰に産生されたり、異所性に産生されたりするものである。腫瘍細胞「のみ」から産生されるとは限らない。よって誤り。
2. 腫瘍マーカーは、がんの診断補助、病期分類、治療効果の判定、再発のモニタリングなどに用いられる。治療中の経過観察は重要な用途の一つである。よって正しい。
3. 腫瘍マーカーは、通常、血液、尿、体腔液などの体液を用いて測定される。病変部の組織をサンプルとするのは病理組織学的検査などである。よって誤り。
4. PSA（前立腺特異抗原）は前立腺がんの腫瘍マーカーであり、早期がんでも上昇することがあるため、スクリーニングにも用いられる（ただし、前立腺肥大症などでも上昇するため注意が必要）。検出されないわけではない。よって誤り。
5. AFP（α-フェトプロテイン）は、肝細胞がんや胚細胞腫瘍（卵巣がん、精巣がんの一部）で高値を示す代表的な腫瘍マーカーである。よって正しい。
以上より、正しい記述は2と5である。"
問189,病態,"[(1, 3)]",○,"[1, 3]","白血球減少症（特に好中球減少症）の病態と治療に関する記述の正誤を判断する。
1. 好中球減少症自体は無症状のこともあるが、感染に対する抵抗力が低下するため、感染症を発症しやすく、その初期症状として発熱や全身倦怠感が現れることが多い。よって正しい。
2. 再生不良性貧血は、骨髄の造血幹細胞が減少し、赤血球、白血球、血小板のすべてが減少する汎血球減少症をきたす疾患である。したがって、白血球減少症（好中球減少症）は起こる。よって誤り。
3. 抗甲状腺薬（チアマゾール、プロピルチオウラシル）は、副作用として無顆粒球症（重篤な好中球減少症）を引き起こすことがある。よって正しい。
4. エリスロポエチンは赤血球の産生を促進する造血因子であり、貧血の治療に用いられる。好中球減少症の治療には、顆粒球コロニー刺激因子（G-CSF）製剤（フィルグラスチムなど）が用いられる。よって誤り。
5. メトトレキサートは葉酸代謝拮抗薬であり、抗がん剤や免疫抑制剤として用いられるが、副作用として骨髄抑制（白血球減少など）を引き起こす。放射線照射に伴う白血球減少症の治療薬ではない。よって誤り。
以上より、正しい記述は1と3である。"
問190,病態,"[(1, 3)]",○,"[1, 3]","慢性閉塞性肺疾患（COPD）に関する記述の正誤を判断する。
1. COPDは、主に長期の喫煙などにより、末梢気道（細気管支）の炎症・狭窄（慢性気管支炎病変）と、肺胞壁の破壊・肺胞腔の拡大（肺気腫病変）が複合的に関与して発症する疾患である。よって正しい。
2. COPDは、長年の喫煙曝露などが原因となることが多く、通常、40歳以上の中高年期に発症・診断されることが多い。若年期での発症は稀である（α1-アンチトリプシン欠乏症などを除く）。よって誤り。
3. COPDの診断や重症度分類には、スパイロメトリーによる呼吸機能検査が必須である。特に、1秒量（FEV1）の予測値に対する割合（%FEV1）は、気流閉塞の重症度を示す指標として病期分類（GOLD分類など）に用いられる。よって正しい。
4. COPDに気管支ぜんそくが合併している場合（Asthma-COPD Overlap: ACO）、吸入ステロイド薬（ICS）の使用が推奨されることが多い。経口ステロイド薬は、急性増悪時の短期使用が主であり、長期管理には副作用の観点から推奨されない。よって誤り。
5. COPD患者は呼吸器感染症により増悪しやすいため、インフルエンザワクチンや肺炎球菌ワクチンの接種が強く推奨される。禁忌ではない。よって誤り。
以上より、正しい記述は1と3である。"
問191,病態,"[(1, 3)]",○,"[1, 3]","食道静脈瘤に関する記述の正誤を判断する。
1. 食道静脈瘤の最も一般的な原因は、肝硬変に伴う門脈圧亢進症である。肝硬変患者では門脈の血流が阻害され、側副血行路として食道静脈が拡張し、静脈瘤を形成する。よって正しい。
2. 硝酸薬（例：一硝酸イソソルビド）やβ遮断薬は、門脈圧を低下させる作用があり、食道静脈瘤の破裂予防（一次予防、二次予防）のために用いられる治療薬である。危険因子ではない。よって誤り。
3. 食道静脈瘤は門脈圧亢進症によって形成されるため、背景には門脈圧の上昇が存在する。よって正しい。
4. 食道静脈瘤自体は、破裂出血するまで無症状であることが多い。呑酸（胸やけ、酸っぱいものがこみ上げる感じ）は、胃食道逆流症（GERD）の典型的な症状である。よって誤り。
5. 食道静脈瘤は破裂すると大量出血をきたし、生命に関わる。出血リスクの高い静脈瘤（大きい、発赤所見があるなど）に対しては、出血がなくても予防的治療（内視鏡的治療や薬物療法）が行われる。経過観察のみでよいとは限らない。よって誤り。
以上より、正しい記述は1と3である。"
問192,病態,"[(2, 5)]",○,"[2, 5]","生薬とその主な副作用の組み合わせの正誤を判断する。
1. カンゾウ（甘草）に含まれるグリチルリチン酸は、偽アルドステロン症を引き起こし、低カリウム血症、血圧上昇、浮腫などをきたす。高カリウム血症ではない。よって誤り。
2. ダイオウ（大黄）はアントラキノン誘導体を含み、瀉下作用（下剤作用）があるため、副作用として下痢や腹痛が起こりやすい。よって正しい。
3. オウゴン（黄芩）を含む漢方薬（特に小柴胡湯など）で間質性肺炎が報告されている。腸間膜静脈硬化症は、主にサンシシ（山梔子）の長期服用との関連が指摘されている。よって誤り。
4. サンシシ（山梔子）の長期服用により、腸間膜静脈硬化症が起こることが知られている。胆汁うっ滞も薬物性肝障害の一形態として起こりうるが、サンシシに特異的で代表的な副作用とは言えない。よって誤り。
5. マオウ（麻黄）はエフェドリン類を含み、交感神経興奮作用があるため、副作用として動悸、血圧上昇、不眠、発汗などが起こりうる。よって正しい。
以上より、正しい組み合わせは2と5である。"
問193,病態,"[(2, 4)]",○,"[2, 4]","症例対照研究（Case-control study）の特徴に関する記述の正誤を判断する。
1. 症例対照研究は、まず特定の疾患を持つ患者（症例）を集め、それに対応する対照群と比較するデザインであるため、発生頻度の低い（まれな）疾患の原因を探るのに効率的で適している。よって誤り。
2. 過去の曝露情報を思い出す際に、症例と対照で偏りが生じる想起バイアス（Recall bias）や、対照群の選び方によって生じる選択バイアス（Selection bias）などが生じやすいとされる。よって正しい。
3. 症例対照研究は、特定の疾患（アウトカム）に対して、複数の曝露因子（原因候補）との関連を同時に検討することができる。しかし、一つの研究で多数のアウトカムを扱えるのはコホート研究の特徴である。よって誤り。
4. 症例対照研究は、現在の疾患の有無（結果）から過去の曝露（原因）に遡って調査するため、時間的に後ろ向きの研究デザインである。よって正しい。
5. まれな疾患を対象とする場合、コホート研究では非常に大きなサンプルサイズと長期間の追跡が必要になるが、症例対照研究は比較的少ないサンプルサイズで実施可能である。よって誤り。
以上より、正しい記述は2と4である。"
問194,病態,"[(3,)]",○,[3],"診断検査の評価に関する問題。感度 (Sensitivity) = 95% = 0.95、特異度 (Specificity) = 90% = 0.90、有病率 (Prevalence) = 10% = 0.10 の条件下で、検査陽性者における真の有病者の割合（陽性的中率、Positive Predictive Value, PPV）を求める。
PPV = P(Disease+|Test+) = (Sensitivity * Prevalence) / P(Test+)
P(Test+) = P(Test+|Disease+)P(Disease+) + P(Test+|Disease-)
P(Test+|Disease+) = Sensitivity = 0.95
P(Disease+) = Prevalence = 0.10
P(Test+|Disease-) = 1 - Specificity = 1 - 0.90 = 0.10 (False Positive Rate)
P(Disease-) = 1 - Prevalence = 1 - 0.10 = 0.90
したがって、
P(Test+) = (0.95 * 0.10) + (0.10 * 0.90) = 0.095 + 0.090 = 0.185
PPV = (0.95 * 0.10) / 0.185 = 0.095 / 0.185 ≈ 0.5135
PPVは約51.4%となる。
選択肢の中で最も近い値は 50% である。"
問195,病態,"[(1, 3)]",○,"[1, 3]","特定の病態や集団における薬物動態の変化に関する記述の正誤を判断する。
1. 心不全では、心拍出量が低下し、腎血流量や糸球体ろ過速度（GFR）が低下することが多い。これにより、腎臓から排泄される薬物（特に水溶性薬物）の排泄速度が低下する。よって正しい。
2. 肥満患者では、脂肪組織が増加している。脂溶性薬物は脂肪組織に分布しやすいため、分布容積（Vd）は一般に大きくなる傾向がある。よって誤り。
3. 小児（特に乳幼児）は、成人に比べて体重あたりの体水分量が多い。水溶性薬物は主に体液中に分布するため、体重あたりの分布容積は成人よりも大きくなる。よって正しい。
4. 妊娠中は、循環血漿量の増加や腎血流量の増加に伴い、糸球体ろ過速度（GFR）はむしろ上昇する傾向がある。よって誤り。
5. 血清アルブミン値が低下すると、アルブミンと結合する薬物（特に酸性薬物）のタンパク結合率が低下し、非結合形（遊離形）薬物濃度分率が上昇する。非結合形薬物が組織へ移行するため、見かけの分布容積（Vd）は、薬物によってはむしろ増大することがある。一概に低下するとは言えない。よって誤り。
以上より、正しい記述は1と3である。"
問196,物理,"[(4,)]",○,[4],"点滴前後での血中HCO3-濃度の上昇分を計算し、患者の血液量(5.0 L)を乗じて、体内でのHCO3-増加量(mEq)を求める。
HCO3-濃度上昇 = 27.4 mEq/L - 10.1 mEq/L = 17.3 mEq/L。
HCO3-増加量 = 17.3 mEq/L * 5.0 L = 86.5 mEq。
NaHCO3 (式量84) 1 mol は 1 Eq の HCO3- を与えるため、必要なNaHCO3は 86.5 mmol。
必要なNaHCO3の質量 = 86.5 mmol * 84 mg/mmol = 7266 mg = 7.266 g。
投与するNaHCO3注射液は8.4 w/v% (8.4 g/100 mL) であるため、必要な液量 = (7.266 g / 8.4 g) * 100 mL ≒ 86.5 mL。
選択肢の中で最も近い値は87 mLである。
選択肢1, 2, 3, 5 は計算結果から大きく外れているため誤り。"
問197,実務,"[(3,)]",○,[3],"NaHCO3注射液投与前の血液ガスデータを見ると、pH 6.82 (基準値 7.35-7.45)、HCO3- 10.1 mEq/L (基準値 22-26)、Base Excess -23.0 mEq/L (基準値 ±2) であり、著しいアシドーシス（酸血症）とHCO3-およびBEの著減を認める。これは重度の代謝性アシドーシスを示唆する所見である。PaCO2 63.7 mmHgと高値であり呼吸性アシドーシスの合併または代謝性アシドーシスに対する代償不全も考えられるが、pHとHCO3-、BEの異常の程度から、生命に危険のある重度の代謝性アシドーシスが主たる病態であり、これを是正するためにNaHCO3が投与されたと判断するのが最も適切である。
選択肢1：尿中ケトン体が陰性であるため、ケトアシドーシスは否定的である。
選択肢2：PaCO2は高いが、HCO3-とBEの著しい低下から代謝性アシドーシスが主体であり、NaHCO3投与の主目的は代謝性アシドーシスの補正である。
選択肢4：PaO2高値は酸素投与によるものであり、NaHCO3投与の理由ではない。
選択肢5：ヘモグロビン低値（貧血）は存在するが、NaHCO3投与の理由ではない。"
問198,実務,"[(1, 2)]",○,"[1, 2]","処方1のセチリジン塩酸塩10mgは、活性本体であるレボセチリジン（R体）5mgと、活性の低いS体5mgのラセミ体である。処方2のレボセチリジン塩酸塩5mgは、処方1に含まれる活性本体と同量である。したがって、処方1と処方2の薬剤は同等の効果が期待できる（選択肢2）。また、用法（1日1回就寝前）も同一であるため、処方1と同様に服用するよう説明するのは適切である（選択肢1）。
選択肢3：S体が除かれるため副作用が軽減する可能性はあるが、必ずしもそうとは限らず、同等の効果と用法を説明するのが基本である。
選択肢4：薬剤の変更・再開は医師の指示に基づく必要があるため、患者判断で戻すことはできない。
選択肢5：副作用が出た場合に相談するのは常に適切な指導だが、この変更における最も重要な説明は同等性（効果・用法）である。"
問199,物理,"[(3,)]",○,[3],"比旋光度 [α] の定義式 [α] = (100 * α) / (l * c) を用いる。ここで α は測定旋光度、l は測定管長 (dm)、c は濃度 (g/100mL)。
与えられたデータ：[α]D^25 = +10.80°、試料質量 1.00 g、全量 200 mL、測定管長 100 mm = 1 dm、測定旋光度 α = +0.052°。
濃度 c = 1.00 g / 200 mL = 0.500 g / 100 mL。
もし試料が100%純粋なレボセチリジン塩酸塩であった場合の理論的な旋光度 α_theoretical を計算する。
α_theoretical = ([α] * l * c) / 100 = (+10.80 * 1 * 0.500) / 100 = +0.0540°。
光学純度（ここでは他の旋光性物質がないため、レボセチリジン塩酸塩の含量に相当）は、(測定旋光度 / 理論旋光度) * 100% で計算できる。
純度 = (α / α_theoretical) * 100% = (+0.052 / +0.0540) * 100% ≒ 96.296%。
選択肢の中で最も近い値は96.3%である。
選択肢1, 2, 4, 5 は計算結果と異なるため誤り。"
問200,実務,"[(2, 4)]",○,"[2, 4]","患者は慢性片頭痛の予防薬として処方2（バルプロ酸ナトリウム）を服用しているが、月に4回以上日常生活に支障をきたす発作があるため、予防薬の変更が検討されている。処方1（スマトリプタン）は急性期治療薬である。したがって、提案すべき変更後処方案は、片頭痛の「予防」に用いられる薬剤である必要がある。
選択肢1 セレコキシブ：NSAIDsであり、急性期治療に用いられることはあるが、標準的な予防薬ではない。
選択肢2 ガルカネズマブ：抗CGRPモノクローナル抗体であり、片頭痛発作の発症抑制（予防）に適応がある。
選択肢3 エルゴタミン：急性期治療薬であり、予防には用いない。
選択肢4 ロメリジン塩酸塩：カルシウム拮抗薬であり、片頭痛発作の発症抑制（予防）に適応がある。
選択肢5 ロキソプロフェンナトリウム：NSAIDsであり、急性期治療薬であり、予防には用いない。
よって、適切な予防薬の選択肢はガルカネズマブとロメリジン塩酸塩である。"
問201,物理,"[(3,)]",○,[3],"解離定数 Kd は、平衡状態 R + S <=> RS において Kd = [R][S]/[RS] で定義される。ここで、[R]は遊離受容体濃度、[S]は遊離スマトリプタン濃度、[RS]は受容体-スマトリプタン複合体濃度である。
全受容体濃度 [R]t = [R] + [RS] = 100 nmol/L。
全スマトリプタン濃度 [S]t = [S] + [RS] = 100 nmol/L。
結合受容体の割合 [RS] / [R]t = 0.80。
まず、[RS] を計算する: [RS] = 0.80 * [R]t = 0.80 * 100 nmol/L = 80 nmol/L。
次に、遊離受容体濃度 [R] を計算する: [R] = [R]t - [RS] = 100 - 80 = 20 nmol/L。
同様に、遊離スマトリプタン濃度 [S] を計算する: [S] = [S]t - [RS] = 100 - 80 = 20 nmol/L。
最後に Kd を計算する: Kd = ([R] * [S]) / [RS] = (20 nmol/L * 20 nmol/L) / 80 nmol/L = 400 / 80 nmol/L = 5.0 nmol/L。
選択肢1, 2, 4, 5 は計算結果と異なるため誤り。"
問202,物理,"[(3,)]",×,[1],"凍結乾燥は、まず水溶液を凍結させ（液体→固体）、次に圧力を水の三重点以下に下げた状態で加熱し、固体の氷を直接気体の水蒸気に変化させる（昇華、固体→気体）プロセスである。水の圧力-温度状態図において、昇華は三重点より低い圧力領域で、温度を上昇させたときに固体相から気体相へ直接移行する変化に対応する。
図1は、三重点以下の一定圧力下で、固体相（A）から温度上昇により気体相（B）へ移行する過程を示しており、昇華（凍結乾燥における水の変化）を正しく表している。
図2は液体から気体への変化（蒸発・沸騰）。図3は固体から液体への変化（融解）。図4は気体から固体への変化（凝華）。図5は液体から固体への変化（凝固）。"
問203,実務,"[(1, 4)]",×,"[3, 4]","処方2のデスモプレシンは抗利尿ホルモンであり、水中毒・低ナトリウム血症のリスクがある。その症状として眠気、嘔吐、重篤な場合は痙攣などが起こりうるため、これらの症状に注意し、発現時は医師に連絡するよう指導することは極めて重要である（選択肢4）。処方2（10時、22時）、処方3（朝食後）、処方1（朝食後）のように、ホルモン補充や水・電解質バランスに関わる薬剤が含まれており、決められた服用時刻を守ることは治療効果や副作用の観点から重要である（選択肢3）。食事のタイミングが吸収に影響する薬剤（特に処方3のレボチロキシン）もあるため、「食事の時間はいつでもかまいません」という部分は不正確だが、スケジュール遵守の重要性を強調する意図と解釈すれば、不適切とまでは言えない。
選択肢1：発熱時に利尿薬（処方1）を増量するのは誤り。脱水リスクから減量・中止を検討すべき場合がある。
選択肢2：デスモプレシン服用中は過度の水分摂取は低ナトリウム血症のリスクを高めるため避けるべきであり、「2L以上」という具体的な大量の水分摂取を推奨するのは危険である。
選択肢5：大豆製品はレボチロキシン（処方3）の吸収を阻害し効果を「弱める」可能性があり、「強める」というのは誤り。"
問204,物理,"[(2, 4)]",○,"[2, 4]","pH測定に関する記述の正誤を判断する。
選択肢1：参照電極には通常、銀-塩化銀電極やカロメル電極が用いられる。ガラス電極はpH指示電極であるため誤り。
選択肢2：pH指示電極（ガラス電極）の電位は、水素イオン濃度（活量）に応じてネルンストの式に従って変化する。これがpH測定の原理であるため正しい。
選択肢3：ネルンストの式には温度項が含まれており、電極電位は温度に依存するため、pH測定値は温度の影響を受ける。そのため通常、温度補償が行われる。よって誤り。
選択肢4：「校正されたpH計の電位を基準として」という表現が曖昧だが、pH計は標準液で校正された後、測定対象の電位差をpH値に変換して表示する。電位そのものが基準となるわけではないため、不適切または誤解を招く表現であり、誤りとするのが妥当。
選択肢5：参照電極の内部液には通常、飽和または高濃度の塩化カリウム（KCl）水溶液が用いられる。塩化アンモニウムを用いるのは一般的ではないため誤り。
以上より、明確に正しいのは選択肢2のみである。しかし、2つ選ぶ形式の問題であるため、他の選択肢を再検討する。選択肢4は、校正によって確立された「電位とpHの関係性」を基準にする、と解釈すれば、完全な誤りとは言えない可能性も残るが、表現は不適切である。問題に誤りがなければ、最も確からしい組み合わせとして解釈の余地があるものを探す必要があるが、ここでは明確に正しい選択肢2と、他の選択肢の明確な誤りを考慮し、問題設定自体に疑問が残るものの、もし2つ選ぶなら、ネルンスト式に従う(2)と、校正された機器で測定するという意図かもしれない(4)を選ぶのが相対的に最も可能性が高いかもしれない。しかし、(4)の表現は依然として不適切である。
(再考) 設問が2つ選べであり、2が明確に正しいため、他の選択肢を吟味する。pH測定の基本原理として、指示電極(ガラス電極)と参照電極を用い、その間の電位差を測定し、ネルンスト式に基づいてpHを算出する。校正は必須である。温度依存性がある。参照電極内部液はKClが一般的。これらを踏まえると、1, 3, 5は明確に誤り。4は表現が悪いが、「校正されたpH計（が示す電位に対応するpH値）を基準として」という意味であれば、測定プロセスの一部を説明していると解釈できなくもない。他に適切な選択肢がないため、2と4を選ぶ。"
問205,実務,"[(2, 3)]",○,"[2, 3]","学校薬剤師としての適切な回答を選ぶ。
選択肢1：有効期限切れの試薬や測定器は正確な結果が得られない可能性があるため、使用すべきではない。誤り。
選択肢2：プール水は場所によって水質が均一でない可能性があるため、対角線上や中央付近など、少なくとも3箇所以上の複数地点で測定することが、全体の状況を把握するために推奨される。正しい。
選択肢3：消毒に使われる塩素剤の効果を示すのは、主に次亜塩素酸（HOCl）と次亜塩素酸イオン（OCl-）からなる「遊離残留塩素」である。正しい。
選択肢4：入水者が持ち込む汚れや毛髪などの有機物は、遊離残留塩素と反応して消費するため、遊離残留塩素濃度は「低下」する原因となる。誤り。
選択肢5：塩素系消毒剤の消毒効果はpHに大きく依存する。pHが低いほど、消毒効果の高い次亜塩素酸（HOCl）の存在比率が高くなり、効果は強くなる。誤り。"
問206,衛生,"[(3,)]",○,[3],"消毒剤A（塩素系）と凝集剤Bを混合した際に有毒ガスCが発生した状況を考える。
消毒剤Aとして一般的なのは次亜塩素酸ナトリウム（選択肢1, 2, 3）。凝集剤Bとして一般的なのはポリ塩化アルミニウム（PAC、選択肢3, 6）や硫酸アルミニウム、塩化第二鉄（選択肢1, 4）など。
次亜塩素酸ナトリウムはアルカリ性、PACや塩化第二鉄などの凝集剤は酸性を示すことが多い。アルカリ性の次亜塩素酸ナトリウム溶液に酸性の凝集剤を混合すると、pHが低下し、塩素ガス(Cl2)が発生する可能性がある (2HOCl <=> Cl2O + H2O, HOCl + H+ + Cl- <=> Cl2 + H2O)。塩素ガスは刺激臭のある有毒ガスである。
選択肢3の組み合わせ（A: 次亜塩素酸ナトリウム, B: ポリ塩化アルミニウム, C: 塩素）はこの反応に合致する。
他の選択肢：
1: 塩化第二鉄との混合でホルムアルデヒドは通常発生しない。
2: チオ硫酸ナトリウムは脱塩素剤であり、混合で硫化水素は発生しない。
4: 次亜塩素酸イソシアヌル酸と塩化第二鉄の混合で二酸化炭素は通常発生しない。
5: チオ硫酸ナトリウムとの混合で硫化水素は発生しない。
6: PACとの混合でクロロホルムが急激に発生するとは考えにくい（クロロホルムは消毒副生成物）。
したがって、最も化学的に妥当な組み合わせは選択肢3である。"
問207,実務,"[(3, 4)]",○,"[3, 4]","ガス検知管の取り扱いに関する正誤を判断する。
選択肢1：冷蔵庫保存した検知管は、使用前に室温に戻す必要がある。低い温度のまま使用すると、吸引する空気量が不正確になったり、反応速度が変化したりして、正しい測定値が得られない。誤り。
選択肢2：検知管は両端を折り取ると内部の検知剤が大気に触れるため、保存はできない。未使用であっても廃棄する。誤り。
選択肢3：検知管の変色境界が斜めになった場合、その中間点（または平均値）を読み取ることが、多くの検知管メーカーで指示されている標準的な読み取り方法である。正しい。
選択肢4：有効期限が切れた検知管は、検知剤が劣化している可能性があり、正確な測定が保証されないため使用してはならない。誤り。
選択肢5：図に示されているような検知管システムは、ポンプ（図のピストン部）を用いて一定量の「現場の空気」を直接検知管に吸引して測定する。真空ガス採取器で別途採取した空気を検知管に通すのは、一般的な検知管ポンプ方式の使い方ではない。誤り。
以上より、正しい記述は選択肢3のみである。しかし、2つ選ぶ形式の問題であるため、他の選択肢を再検討する。選択肢4は「真空ガス採取器は、漏れがないことを確認したのちに、試料の採取に用いる」という記述であり、これは真空ガス採取器という別の器具に関する一般的な注意点としては正しい。検知管とは直接関係ないが、ガス測定という広い文脈での一般知識として正解とされている可能性がある。他に適切な選択肢がないため、3と4を選ぶ。"
問208,実務,"[(2, 3)]",×,"[1, 2]","認知症で複数の薬剤を服用中の高齢男性について、息子が誤嚥性肺炎を心配している状況へのアドバイス。
選択肢1：誤嚥性肺炎の原因として口腔衛生の悪化は重要だが、それが全てではない（嚥下機能低下なども大きい）。プラークコントロールを、というアドバイス自体は誤りではないが、部分的な側面に過ぎない。しかし、予防策の一つではある。
選択肢2：嚥下困難がある場合、水やお茶などのサラサラした液体は誤嚥しやすいため、ゼリー状の水分補給はとろみをつけた液体と同様に、誤嚥リスクを低減するのに有効な方法である。適切なアドバイスである。
選択肢3：処方1（ビソプロロール、エバスチン）は錠剤であり、温めたりとろみをつけたりする薬剤ではない。55℃という温度も不適切。全くの誤り。
選択肢4：咳や痰の原因は様々であり、自己判断で処方薬（特にβ遮断薬であるビソプロロール）を中止するのは危険である。医師の診察が必要。誤ったアドバイス。
選択肢5：処方2（リバスチグミン）からドネペジルへの変更提案は、医師の診断と判断が必要な医療行為であり、薬剤師が家族に提案すべき内容ではない。
適切なアドバイスとして、誤嚥リスクを直接低減する方法（選択肢2）と、誤嚥性肺炎の重要な予防因子である口腔ケア（選択肢1）が考えられる。他の選択肢は明確に不適切または危険である。"
問209,化学,"[(1,)]",×,[2],"リバスチグミンはカルバメート系のコリンエステラーゼ阻害薬である。アセチルコリンエステラーゼの活性中心にあるセリン残基（Ser-OH）のヒドロキシ基が、リバスチグミンのカルバメート基のカルボニル炭素に求核攻撃する。これにより、カルバモイル基（図では -CO-N(CH3)(C2H5)）がセリン残基の酸素原子に共有結合で転移し、フェノール部分が脱離する。この結果、酵素は一時的に不活性化される（カルバモイル化酵素中間体）。
したがって、共有結合中間体では、セリンの酸素原子がカルバメート基のカルボニル炭素に結合している構造となる。
選択肢2の構造は、セリンの酸素原子がカルボニル炭素に結合し、そのカルボニル炭素に窒素原子（およびそれに結合したメチル基、エチル基）が結合している構造を示しており、この反応機構と一致する。
他の選択肢は結合位置が誤っている（窒素への結合、フェノール酸素への結合など）。"
問210,化学,"[(4,)]",×,[1],"処方2のワルファリンはビタミンKエポキシドレダクターゼ(VKOR)を阻害し、ビタミンKエポキシドから活性型ビタミンK（ヒドロキノン体、化合物Y）への再生を抑制する。化合物Yは、血液凝固因子の合成に必要なγ-カルボキシラーゼの補酵素として機能する。問題は、この活性型ビタミンKヒドロキノン体（化合物Y）の構造を特定することである。
図に示されているのはビタミンKキノン体（構造からビタミンK1、フィロキノンと思われる）である。キノン体は2つのカルボニル基(C=O)を持つ。これが還元されてヒドロキノン体になると、2つのカルボニル基がヒドロキシ基(-OH)に変換される。ビタミンKの場合、1,4-ナフトキノン骨格が還元されて1,4-ジヒドロキシナフタレン骨格（ナフトヒドロキノン）になる。
選択肢1は、ナフタレン環の1位と4位にヒドロキシ基(-OH)を持ち、適切な側鎖（メチル基とフィチル基）を持つ構造であり、ビタミンKのヒドロキノン体（ビタミンKH2）を正しく示している。
選択肢5は出発物質のキノン体。選択肢4はビタミンKエポキシド。選択肢2, 3は不適切な構造。"
問211,実務,"[(3,)]",○,[3],"処方2のワルファリン服用に関するアドバイスとして適切なものを選ぶ。ワルファリンは抗凝固薬であり、出血リスクとビタミンKとの相互作用に注意が必要である。
選択肢1：青汁やクロレラはビタミンKを豊富に含むため、多量に摂取するとワルファリンの効果を減弱させる。摂取は避けるか、摂取する場合は一定量を守る必要がある。「多めに摂取しましょう」は誤り。
選択肢2：チーズの摂取が特に禁忌とされるわけではない。誤り。
選択肢3：便が黒くなる（黒色便、タール便）のは、上部消化管出血の徴候であり、ワルファリンの重篤な副作用の可能性がある。直ちに医師や薬剤師に連絡する必要がある。正しい。
選択肢4：ビタミンKはワルファリンの効果を打ち消すため、サプリメントでの積極的な摂取は避けるべきである（医師の指示がある場合を除く）。誤り。
選択肢5：納豆は、納豆菌が産生するビタミンK2を非常に多く含むため、ワルファリンの効果を著しく減弱させる。ワルファリン服用中の納豆摂取は禁忌とされる。ナットウキナーゼ自体に血栓溶解作用があると言われるが、ワルファリンとの関係ではビタミンK含量が問題となる。「納豆を食べましょう」は誤り。"
問212,化学,"[(5,)]",○,[5],"処方1のサラゾスルファピリジン（スルファサラジン）は、大腸に到達した後、腸内細菌が持つアゾ還元酵素によってアゾ結合(-N=N-)が還元的に切断されるプロドラッグである。この切断により、スルファピリジンと5-アミノサリチル酸（5-ASA、メサラジン）が生成する。潰瘍性大腸炎に対して抗炎症作用を示す有効成分は5-ASAである。
選択肢5は5-アミノサリチル酸の構造を正しく示している。
選択肢1はスルファピリジン。他の選択肢は不適切な構造。"
問213,実務,"[(2, 4)]",○,"[2, 4]","処方2のメサラジン（5-ASA）錠（腸溶性放出調節製剤）に関する説明。
選択肢1：腸溶性コーティングや放出調節機能を持つ錠剤は、砕いたり溶かしたりするとその機能が損なわれるため、原則としてそのまま服用する。誤り。
選択肢2：放出調節製剤の中には、薬剤放出後に錠剤の殻（ゴーストタブレット）がそのままの形で便中に排泄されることがある。これは異常ではない場合があるため、患者に事前に説明しておくことは適切である。正しい。
選択肢3：メサラジンとグレープフルーツジュースとの間に、臨床的に問題となる相互作用は報告されていない。誤り。
選択肢4：潰瘍性大腸炎は再燃寛解を繰り返す慢性疾患であり、症状が改善しても再燃予防のために自己判断で中止せず、医師の指示通りに服用を継続することが重要である。正しい。
選択肢5：メサラジン服用が、大腸がん検査（大腸内視鏡検査）の妨げになることはない。潰瘍性大腸炎患者には定期的な検査が推奨される。誤り。"
問214,実務,"[(2, 4)]",○,"[2, 4]","ABVD療法（ドキソルビシン、ブレオマイシン、ビンブラスチン、ダカルバジン）に関する留意点。
選択肢1：ドキソルビシン（処方1）は生理食塩液や5%ブドウ糖液と配合可能であり、配合変化を避けるために生理食塩液との混合を避ける必要はない。誤り。
選択肢2：ブレオマイシン（処方2）の主な用量規制毒性は、累積投与量依存性の「肺」毒性（間質性肺炎、肺線維症）である。腎機能低下は排泄遅延により毒性リスクを高めるが、腎機能低下自体が主たる注意点ではない。本文は「肺機能の低下に注意する」と記載されており、これは正しい。
選択肢3：ビンブラスチン（処方3）は血管外漏出を起こすと皮膚組織障害を引き起こす「皮膚障害性」のある薬剤（vesicant）である。漏出した場合は直ちに投与を中止し、適切な処置が必要。「非」皮膚障害性であり、漏出しても投与継続、というのは誤り。
選択肢4：ダカルバジン（処方4）は光に対して不安定であり、分解を防ぐために調製・投与時には遮光が必要である。正しい。
選択肢5：ABVD療法は中等度～高度の催吐性リスクおよび骨髄抑制（発熱性好中球減少症のリスク）を有する。制吐薬としてドパミン拮抗薬（ドンペリドンなど）のみでは不十分であり、5-HT3拮抗薬やデキサメタゾン、NK1拮抗薬などの強力な制吐療法が必要。また、FNリスクも低くない。誤り。"
問215,化学,"[(4,)]",○,[4],"処方4のダカルバジンはプロドラッグであり、体内で代謝されて活性化される。主な活性化経路は、肝臓のCYPによるN-脱メチル化（ヒドロキシメチル中間体Aを経由し、ホルムアルデヒドBを放出）によりMTIC（E: 5-(3-methyl-1-triazeno)imidazole-4-carboxamide）を生成する。MTICは不安定であり、分解して5-アミノイミダゾール-4-カルボキサミド(AIC)と、活性なアルキル化種であるメチルジアゾニウムイオン（D: CH3N2+）を生成する。このメチルジアゾニウムイオンがDNA塩基（特にグアニンのN7位やO6位）をメチル化することで抗腫瘍効果を発揮する求核置換反応を引き起こす活性本体（求電子剤）である。
したがって、図中の代謝経路においてDNA塩基に求核置換反応をうけ、薬効を示す活性本体（求電子剤）はメチルジアゾニウムイオン（D）である。"
問216,実務,"[(1, 2)]",○,"[1, 2]","がん疼痛におけるオピオイドの使用に関する講義内容を踏まえた適切な記述を選ぶ。
選択肢1：がん疼痛に対して、必要量までオピオイドを適切に漸増・調節して痛みをコントロールすることは、患者のQOLを改善し、生命予後を短縮させるものではない。むしろ、痛みの放置はQOLや全身状態を悪化させる可能性がある。正しい。
選択肢2：がん疼痛治療のために医療用としてオピオイドを使用する場合、精神依存（いわゆる「依存症」）が生じる可能性は低いとされる。身体的依存や耐性は生じうるが、依存症への懸念から必要な疼痛治療をためらうべきではない。正しい。
選択肢3：「高度のがん疼痛のある患者に対して、強オピオイドから漸減する」という状況設定自体が矛盾している（高度の疼痛があるなら通常は増量か変更）。仮に漸減する場合でも、弱オピオイドへの切り替えは疼痛管理として不適切。誤り。
選択肢4：講義で触れられたモルヒネは、腎機能障害があると活性代謝物（M6G, M3G）が蓄積し、副作用（呼吸抑制、眠気など）のリスクが高まるため、高度腎機能障害患者への投与は慎重な用量調節または他のオピオイドへの変更が必要。症例の処方内容が不明なまま推奨するのは不適切。誤り。
選択肢5：突出痛（一時的に増強する痛み）に対するレスキュー薬（臨時追加投与薬）には、効果が速やかに発現する即放性製剤（例：モルヒネ塩酸塩水和物内用液）を用いる。徐放性製剤は持続的な痛みのコントロール（ベース投与）に用いるものであり、レスキューには適さない。誤り。"
問217,化学,"[(4,)]",×,[5],"モルヒネと同じ植物（ケシ、Papaver somniferum）に含まれる麻薬性鎮痛成分であり、鎮咳薬としても用いられ、乱用が問題となっている化合物Xを特定する。
モルヒネ（構造A）はケシに含まれる主要なアルカロイドで鎮痛作用が主。ヘロイン（構造C）はモルヒネから合成される違法薬物。コデイン（構造B）はモルヒネのメチルエーテル体（フェノール性水酸基がメトキシ基に置換）であり、モルヒネと共にケシに含まれる天然アルカロイドである。コデインは鎮咳作用を持ち、鎮咳薬として広く用いられる一方、乱用や依存の問題も知られている。
植物写真について、アはアサ（Cannabis sativa）、イはケシ（Papaver somniferum）である。
したがって、化合物Xはコデイン（構造B）であり、その基原植物はケシ（写真イ）である。正しい組み合わせは選択肢5となる。"
問218,実務,"[(3, 4)]",○,"[3, 4]","提案されたOTC医薬品（ピレンゼピン、メタケイ酸アルミン酸マグネシウム、炭酸水素ナトリウム、ビオヂアスターゼ2000配合）に関する説明。
選択肢1：ピレンゼピンは抗コリン作用（M1選択的）により胃酸「分泌」を抑制する。胃酸を「中和」するのは制酸剤（メタケイ酸アルミン酸マグネシウム、炭酸水素ナトリウム）である。誤り。
選択肢2：ピレンゼピンは抗コリン作用により便秘を起こす可能性がある。メタケイ酸アルミン酸マグネシウムはアルミニウムとマグネシウムを含み、前者は便秘、後者は下痢を起こす傾向があるため、配合により便通への影響を相殺する目的もあるが、主目的は制酸・粘膜保護である。「ピレンゼピンで起こる便秘を防止するため」という説明は不正確。誤り。
選択肢3：ビオヂアスターゼ2000は消化酵素（アミラーゼ、プロテアーゼなど）であり、食物の消化を促進する成分が含まれている。正しい。
選択肢4：ピレンゼピンは抗コリン薬であり、副作用として、目の調節障害（かすみ目）や散瞳による羞明（まぶしさ）などが現れることがある。正しい。
選択肢5：OTC医薬品は一時的な症状緩和を目的とするものであり、2週間程度服用しても症状が改善しない場合は、自己判断で継続せず、医師の診察を受けるべきである。誤り。"
問219,生物,"[(1, 4)]",○,"[1, 4]","中華料理（脂肪分が多い可能性）とアルコール摂取後の胸やけ・胃痛の病態生理。
選択肢1：胸やけは、胃酸が食道に逆流し、食道粘膜を刺激することによって生じる症状である。アルコールや脂肪分の多い食事は下部食道括約筋を弛緩させ、胃酸逆流を起こしやすくする。正しい。
選択肢2：胃粘液は壁細胞ではなく、副細胞（粘液頸細胞）や表層粘液細胞から分泌される。誤り。
選択肢3：胃粘膜を覆う粘液は保護的に働く。胃痛や胸やけの原因として、粘液分泌が増加することが主因とは考えにくい。むしろ胃酸過多や粘膜防御機構の破綻が関与する。誤り。
選択肢4：アセチルコリン（迷走神経刺激）やヒスタミン（ECL細胞から放出）は、壁細胞からの胃酸分泌を促進する主要な因子である。食事やアルコール摂取はこれらの分泌を刺激し、胃酸分泌を増加させ、胃痛や胸やけの一因となる。正しい。
選択肢5：幽門括約筋が収縮すると、胃内容物の排出は「抑制」される。胃内容物の排出遅延は、胃もたれや逆流を助長する可能性がある。アルコールは胃排出を遅らせることがある。「排出が促進」は逆。誤り。"
問220,実務,"[(2, 5)]",○,"[2, 5]","血液検査結果より、Hb、MCV、MCH、MCHC、フェリチンが低値、TIBCが高値であることから、鉄欠乏性貧血（小球性低色素性貧血）と診断される。処方されたクエン酸第一鉄ナトリウムは鉄剤である。
選択肢1: 巨赤芽球性貧血はMCVが高値となるため誤り。
選択肢2: 鉄剤の副作用として便が黒くなることはよく知られており、患者への事前説明が必要であるため正しい。
選択肢3: 鉄剤の副作用として便秘や胃腸障害はみられるが、血栓塞栓症の頻度は高くないため誤り。
選択肢4: 鉄欠乏性貧血の治療では、ヘモグロビン値が正常化しても貯蔵鉄が回復するまで鉄剤の服用を継続する必要があるため、速やかに中止するのは誤り。
選択肢5: 鉄剤は悪心・嘔吐などの胃腸障害を起こしやすいため、食後服用とすることで副作用を軽減できる場合がある。正しい。"
問221,生物,"[(2, 5)]",○,"[2, 5]","鉄欠乏性貧血では、貯蔵鉄であるフェリチンが低下し、鉄輸送タンパクであるトランスフェリンの産生が亢進するため総鉄結合能(TIBC)が上昇する。血清鉄は低下するため、不飽和鉄結合能(UIBC = TIBC - 血清鉄)は上昇する。
選択肢1: UIBCは基準値(150-385 μg/dL)より高値を示すと考えられるため、「低い」は誤り。
選択肢2: 血清フェリチン値(4.2 ng/mL)は基準値(5-157 ng/mL)より低いため、貯蔵鉄が不足している。正しい。
選択肢3: 鉄欠乏状態ではトランスフェリン濃度は上昇するため、「低い」は誤り。
選択肢4: 食事性や経口投与された鉄は、主に消化管上部で2価の鉄イオン(Fe2+)として吸収される。3価の鉄イオン(Fe3+)として吸収される経路もあるが、主ではない。誤り。
選択肢5: 鉄剤の服用により消化管から鉄が吸収されると、まず血清鉄が増加し、赤血球産生（ヘモグロビン合成）に利用される。その後、過剰な鉄はフェリチンとして貯蔵されるため、貯蔵鉄量が増加する。正しい。"
問222,生物,"[(3, 5)]",×,"[4, 5]","図はレボドパの代謝経路を示す。酵素Aはレボドパをドパミンに変換する芳香族L-アミノ酸脱炭酸酵素(AADC)。COMTはレボドパをメチル化し代謝物B(3-O-メチルドパ)にする。
選択肢1: レボドパはL体であり、光学活性体である。ラセミ体ではない。誤り。
選択肢2: 酵素A(AADC)による反応は脱炭酸反応である。アミノ基転移反応ではない。誤り。
選択肢3: 酵素A(AADC)の補酵素はビタミンB6(ピリドキサールリン酸)である。正しい。
選択肢4: レボドパは血液脳関門を通過できるが、ドパミンは通過しにくい。そのため、レボドパがパーキンソン病治療に用いられる。正しい。
選択肢5: 代謝物Bは、COMTによりレボドパのカテコール環のメタ位の水酸基(-OH)がメチル化(-OCH3)されたものである。正しい。
問題は2つ選べであり、3, 4, 5が正しい記述。レボドパの薬理作用と代謝に関する基本的な知識として、4と5がより重要と考えられる。"
問223,実務,"[(1, 2)]",○,"[1, 2]","患者はレボドパ・カルビドパ配合錠とドパミンアゴニスト（ペルゴリド）を服用しているが、wearing-off現象（時間帯による症状の日内変動）が認められる。レボドパの効果増強・持続、またはドパミン神経系の刺激を目的として薬剤を追加する。
選択肢1: イストラデフィリンはアデノシンA2A受容体拮抗薬で、wearing-off改善効果がある。
選択肢2: エンタカポンはCOMT阻害薬で、レボドパの末梢での分解を抑制し、脳内への移行を高め、作用時間を延長させる。wearing-off改善効果がある。
選択肢3: セレギリンはMAO-B阻害薬で、脳内ドパミンの分解を抑制し、レボドパの効果を増強・持続させる。wearing-off改善効果がある。
選択肢4: サフィナミドはMAO-B阻害薬で、wearing-off改善効果がある。
選択肢5: ラサギリンはMAO-B阻害薬で、wearing-off改善効果がある。
これらの薬剤はいずれもwearing-offに対して追加される可能性がある。作用機序の異なる薬剤を追加することが一般的であり、例えばアデノシンA2A受容体拮抗薬(1)とCOMT阻害薬(2)、あるいはMAO-B阻害薬(3, 4, 5のいずれか)などが考えられる。ここでは作用機序の異なる代表的な薬剤として1と2を選択する。"
問224,実務,"[(4,)]",○,[4],"セツキシマブは抗EGFR抗体薬であり、大腸がん治療においてその効果はRAS遺伝子（KRAS遺伝子およびNRAS遺伝子）の変異状態に影響される。RAS遺伝子に変異があるとセツキシマブの効果が期待できないため、投与前にコンパニオン診断としてRAS遺伝子検査が行われる。
選択肢1: ALK融合遺伝子は主に肺がんの治療薬選択に関わる。
選択肢2: EGFR遺伝子変異は主に肺がんのEGFRチロシンキナーゼ阻害薬の効果予測に関わる。
選択肢3: HER2タンパク質過剰発現は乳がんや胃がんの抗HER2療法の適応判定に関わる。
選択肢5: UGT1A1遺伝子多型はイリノテカンの副作用（重篤な下痢や好中球減少）のリスク予測に関わる。
したがって、セツキシマブ療法選択にあたり参照されるのはRAS遺伝子検査である。"
問225,生物,"[(3,)]",○,[3],"前問(問224)より、セツキシマブ投与のためにはRAS遺伝子検査が行われる。セツキシマブはRAS遺伝子野生型の大腸がんに適応があるため、コンパニオン診断ではRAS遺伝子に変異が存在しないこと（野生型であること）を確認する必要がある。RAS遺伝子はがん原遺伝子（proto-oncogene）である。
選択肢1: がん遺伝子の存在自体ではなく、変異の有無が重要。
選択肢2: RAS遺伝子はがん原遺伝子であり、がん抑制遺伝子ではない。
選択肢3: 特定のがん原遺伝子であるRAS遺伝子に変異が存在しないこと（野生型であること）を確認したと考えられるため、正しい。
選択肢4: RAS遺伝子は薬物代謝酵素遺伝子ではない。
選択肢5: RAS遺伝子検査は遺伝子変異を調べるものであり、染色体転座を調べるものではない。"
問226,実務,"[(2, 3)]",○,"[2, 3]","HPVワクチンは、ヒトパピローマウイルス(HPV)のL1タンパク質からなるウイルス様粒子(VLP)を抗原とする組換えタンパクワクチン（不活化ワクチンの一種）である。
選択肢1: 生きたウイルスを含まないため、弱毒生ワクチンではない。誤り。
選択肢2: ワクチンに含まれるHPV 16型および18型は、子宮頸がんの主要な原因となる型であり、このワクチンはこれらの型のHPV感染を防ぐことで子宮頸がんを予防する。正しい。
選択肢3: HPVワクチンは通常、上腕の三角筋などに筋肉内注射で接種される。正しい。
選択肢4: 十分な免疫を獲得するために、通常複数回（標準的には2回または3回）の接種が必要である。1回では完了しない。誤り。
選択肢5: ワクチンは感染予防を目的とするものであり、既にHPVに感染している場合や発症したがんに対する治療効果はない。また、ワクチンに含まれない型のHPV感染は予防できない。誤り。"
問227,生物,"[(5,)]",○,[5],"添加物AはTLR4アゴニスト、添加物Bはアルミニウム塩であり、どちらも免疫応答を高めるアジュバントとして機能する。
選択肢1: 添加物A（3-脱アシル化-4'-モノホスホリルリピッドA）は細菌の細胞壁成分であるリポ多糖(LPS)の誘導体である。正しい。
選択肢2: 添加物Aと添加物Bはともにアジュバントであり、抗原に対する免疫応答を増強する。正しい。
選択肢3: 添加物B（アルミニウム塩）は抗原を吸着し、注射部位に抗原を保持するデポ効果により、抗原提示細胞への取り込みを促進し、免疫応答を持続させる効果がある。正しい。
選択肢4: 添加物AはToll様受容体4(TLR4)を刺激し、樹状細胞などの自然免疫系の細胞を活性化させ、抗原提示能を高める。正しい。
選択肢5: アジュバントである添加物Aと添加物Bは、自然免疫応答を活性化し、それによって獲得免疫応答を増強する。自然免疫応答を抑制するわけではない。誤り。"
問228,実務,"[(3, 5)]",×,"[3, 4]","慢性腎臓病(CKD)の重症度は、原因(Cause)、腎機能を示すGFR区分(eGFR値に基づく)、および腎障害を示すタンパク尿またはアルブミン尿区分(尿中アルブミン/クレアチニン比または尿中タンパク/クレアチニン比に基づく)を組み合わせたCGA分類によって評価される。
選択肢1: BUNは腎機能の指標の一つだが、GFR区分には用いられない。
選択肢2: 血清アルブミンは栄養状態やネフローゼ症候群の評価に用いられるが、CKD重症度の基本分類項目ではない。
選択肢3: eGFRはGFR区分の評価に必須である。
選択肢4: 尿中アルブミン/クレアチニン比はアルブミン尿区分の評価に用いられ、タンパク尿よりも感度が高いとされる。
選択肢5: 尿タンパク/クレアチニン比もタンパク尿区分として用いられるが、アルブミン尿が推奨されている。
したがって、重症度分類に必須なのはeGFRと尿中アルブミン/クレアチニン比である。"
問229,衛生,"[(1,)]",○,[1],"オッズ比を計算するために、与えられた情報から2x2分割表を作成する。曝露を「食塩摂取量 6.0 g/日以上」、疾病を「ESRD発症」とする。
総患者数: 500人
ESRD発症(+)群: 100人
ESRD発症(-)群: 400人 (500 - 100)
食塩≧6.0g (+)群 (全体): 85人
ESRD発症(+) かつ 食塩≧6.0g (+): 20人 (a)
これから、以下の人数が計算できる。
ESRD発症(+) かつ 食塩<6.0g (-): 100 - 20 = 80人 (b)
ESRD発症(-) かつ 食塩≧6.0g (+): 85 - 20 = 65人 (c)
ESRD発症(-) かつ 食塩<6.0g (-): 400 - 65 = 335人 (d)
分割表:
|             | 食塩≧6.0g (+) | 食塩<6.0g (-) | 計   |
|-------------|----------------|---------------|------|
| ESRD (+)    | 20 (a)         | 80 (b)        | 100  |
| ESRD (-)    | 65 (c)         | 335 (d)       | 400  |
| 計          | 85             | 415           | 500  |
オッズ比 = (a*d) / (b*c) = (20 * 335) / (80 * 65) = 6700 / 5200 = 67 / 52 ≈ 1.288
選択肢の中で最も近い値は1.3である。"
問230,衛生,"[(1, 3)]",○,"[1, 3]","SFTS（重症熱性血小板減少症候群）に関する記述の正誤を判断する。
選択肢1: SFTSは感染症法における四類感染症に定められており、診断した医師は全数を届け出る必要がある。正しい。
選択肢2: SFTSの原因はSFTSウイルスであり、原虫ではない。主にマダニによって媒介される。誤り。
選択肢3: SFTSは主にSFTSウイルスを保有するマダニに咬まれることによって感染する。ダニが媒介する感染症である。正しい。
選択肢4: 現在、SFTSに対する有効なワクチンは実用化されていない。誤り。
選択肢5: 主な感染経路はマダニ媒介であるが、感染者の血液や体液に直接接触することによるヒト-ヒト感染のリスクも報告されている。感染のおそれがないわけではない。誤り。"
問231,実務,"[(2, 3)]",○,"[2, 3]","SFTSを媒介するマダニに対する忌避剤（虫よけ剤）の有効成分を選ぶ。
選択肢1: イミダクロプリドはネオニコチノイド系殺虫剤で、主に農薬や動物用医薬品として使用される。人体用忌避剤ではない。
選択肢2: ディート(DEET)は、蚊、ブユ、アブ、マダニなど広範囲の吸血害虫に対して忌避効果が認められている代表的な成分である。正しい。
選択肢3: イカリジンも、蚊、ブユ、アブ、マダニなどに対して忌避効果があり、DEETと比較して皮膚刺激性が低いとされる。正しい。
選択肢4: ジクロルボス(DDVP)は有機リン系殺虫剤であり、人体用忌避剤ではない。
選択肢5: ジフェンヒドラミンは抗ヒスタミン薬であり、虫刺されによるかゆみを抑える目的で配合されることはあるが、忌避効果はない。"
問232,実務,"[(1,)]",×,[3],"Clostridioides difficile (旧名 Clostridium difficile) 感染症(CDI)は、抗菌薬投与などにより腸内細菌叢が乱れた結果、C. difficile が異常増殖し、産生する毒素(Toxin A, Toxin B)によって引き起こされる下痢症である。CDIによる下痢に対して、ロペラミド塩酸塩のような腸管運動抑制作用のある止瀉薬を使用すると、毒素の腸管内滞留時間が延長し、症状の悪化や重篤な合併症（中毒性巨大結腸症など）を誘発する危険性があるため、原則として使用しない。
選択肢1: メロペネムは広域抗菌薬であり、CDIの誘因となった可能性が高いが、下痢を悪化させる薬剤ではない。
選択肢2: イトラコナゾールは抗真菌薬であり、CDIを直接悪化させる可能性は低い。
選択肢3: ロペラミド塩酸塩カプセルは止瀉薬であり、CDIによる下痢を悪化させる可能性がある。正しい。
選択肢4: メトクロプラミドは制吐薬・消化管運動改善薬であり、CDIを直接悪化させる主な薬剤ではない。
選択肢5: 酪酸菌(宮入菌)製剤は整腸剤であり、CDIの治療や予防に用いられることがある。"
問233,衛生,"[(4, 5)]",×,"[1, 5]","Clostridioides difficile は芽胞を形成する偏性嫌気性桿菌であり、芽胞は環境中で長期間生存し、熱や消毒薬に対する抵抗性が高い。院内感染対策では、接触感染予防策が重要となる。
選択肢1: CDIの主な感染経路は、患者の糞便で汚染された手指や医療器具、環境表面などを介した接触感染である。正しい。
選択肢2: C. difficile の芽胞は熱抵抗性が高く、通常の煮沸消毒（100℃）では死滅しない。滅菌にはオートクレーブ（121℃、15分以上）が必要である。誤り。
選択肢3: アルコールベースの手指消毒剤は C. difficile の芽胞に対する殺滅効果は低い。そのため、CDI患者のケアにおいては、石けんと流水による物理的な手洗いが推奨される。誤り。
選択肢4: クレゾール石けんは芽胞に対する効果は不十分である。誤り。
選択肢5: C. difficile の芽胞に対して有効な消毒薬として、次亜塩素酸ナトリウム（0.1～0.5%）が環境消毒に用いられる。正しい。"
問234,衛生,"[(1, 3)]",○,"[1, 3]","対象者は肥満(BMI 27.3)、高値血圧、境界型糖尿病、境界域高コレステロール血症であり、生活習慣の改善が必要な状態である。薬剤師として適切な助言を選ぶ。
選択肢1: 適度な運動習慣を身につけ、適正体重に近づけることは、血圧、血糖、脂質異常の改善に有効である。正しい。
選択肢2: バランスの取れた食事が基本であり、特にタンパク質を制限する必要はない。むしろ、高脂肪食や糖質の過剰摂取を控えるべきである。誤り。
選択肢3: 難消化性デキストリンは、食後の血糖値の上昇を穏やかにする効果が認められた特定保健用食品（トクホ）の関与成分であり、血糖値が高めの人への情報提供として適切である。正しい。
選択肢4: キシリトールは血糖値を上げにくい甘味料だが、血圧が高めの人に適したトクホ成分ではない。誤り。
選択肢5: ラクトトリペプチドは血圧が高めの人に適したトクホ成分だが、コレステロールが高めの人に適したものではない。誤り。"
問235,実務,"[(5,)]",○,[5],"処方された薬剤はエナラプリル（ACE阻害薬）とメトホルミン（ビグアナイド系血糖降下薬）である。これらの薬剤に関する患者指導として不適切なものを選ぶ。
選択肢1: メトホルミンの重篤な副作用である乳酸アシドーシスの初期症状（倦怠感、筋肉痛、過呼吸など）について注意喚起することは適切である。正しい。
選択肢2: エナラプリルの副作用である空咳や、メトホルミンの副作用である消化器症状（悪心、下痢など）について説明することは適切である。正しい。
選択肢3: エナラプリルによる空咳は比較的頻度の高い副作用であり、患者に伝えるべき情報である。正しい。
選択肢4: 脱水は乳酸アシドーシスのリスクを高めるため、適度な水分補給は重要であるが、「過度に水分を摂取」するよう指導するのは不適切であり、心機能によっては水分制限が必要な場合もある。しかし、選択肢5がより明確に不適切。
選択肢5: ヨード造影剤を使用する検査（CT、血管造影など）の前後は、腎機能への影響と乳酸アシドーシスのリスクからメトホルミンの休薬が必要である。しかし、バリウム造影検査（消化管検査）ではヨード造影剤は使用しないため、メトホルミンの休薬は通常不要である。したがって、バリウム造影検査で休薬が必要と教えるのは不適切である。正しい。"
問236,実務,"[(1, 4)]",×,"[2, 4]","慢性腎臓病(CKD)ステージ3bの患者に対するTPN処方設計では、腎機能に応じた栄養管理（タンパク質、電解質、水分の調整）が必要である。また、脳梗塞急性期であり、異化亢進状態も考慮する必要がある。
選択肢1: 腎不全患者には必須アミノ酸を主体とした腎不全用アミノ酸輸液が考慮されることがあるが、BCAA（分岐鎖アミノ酸）は主に肝不全で用いられる。不適切。
選択肢2: CKD患者では高リン血症のリスクがある一方、TPN導入時や異化亢進時には低リン血症も起こりうる。リン酸二カリウムはリンとカリウムを補充するが、CKDステージ3bではカリウム排泄能が低下しているため、カリウム負荷に注意が必要。低リン血症のリスク評価とモニタリングに基づき慎重に投与すべきであり、一概に適切とは言えない。
選択肢3: CKDでは代謝性アシドーシスをきたしやすい。生理食塩液や塩化カリウムは塩素(Cl)負荷となりアシドーシスを助長する可能性があるため、アルカリ化剤を含む酢酸リンゲル液などが考慮される。代謝性アルカローシスのリスクは低い。不適切。
選択肢4: CKDでは腎臓での活性型ビタミンD産生が低下し、低カルシウム血症や二次性副甲状腺機能亢進症のリスクがある。そのため、活性型ビタミンD3製剤の投与が考慮される。正しい。
選択肢5: CKDステージ3bではカリウム排泄能が低下しており、高カリウム血症のリスクがあるため、カリウム製剤の積極的な投与は危険である。不適切。
したがって、最も適切なのは4。他に確実なものはないが、電解質管理の重要性から、低リン血症のリスク管理(2)も考慮されるべき項目ではある。しかし、カリウム負荷の懸念から積極的な推奨は難しい。ここでは4を確実に正しいとし、他に適切なものがないため、問題の意図として電解質管理の重要性を問うている可能性を考慮し、2も候補とするが、確実性は低い。"
問237,衛生,"[(4,)]",○,[4],"非タンパク質カロリー/窒素比 (NPC/N比) を計算する。
1. 糖質からのカロリー計算:
   ブドウ糖濃度: 50% = 500 g/L
   投与量: 500 mL = 0.5 L
   ブドウ糖量 = 500 g/L * 0.5 L = 250 g
   糖質カロリー = 250 g * 4 kcal/g (Atwater係数) = 1000 kcal
2. 脂質からのカロリー計算:
   脂肪乳剤(ダイズ油20%) 100mLに含まれる熱量 = 200 kcal (問題文より)
3. 非タンパク質カロリー (NPC) 計算:
   NPC = 糖質カロリー + 脂質カロリー = 1000 kcal + 200 kcal = 1200 kcal
4. 窒素量 (N) 計算:
   アミノ酸濃度: 5% = 50 g/L
   投与量: 375 mL = 0.375 L
   アミノ酸量 = 50 g/L * 0.375 L = 18.75 g
   窒素量 (N) = アミノ酸量 * (窒素含有率 16%) = 18.75 g * 0.16 = 3 g
5. NPC/N 比計算:
   NPC/N = 1200 kcal / 3 g N = 400 kcal/gN
したがって、NPC/N比は400である。"
問238,衛生,"[(4,)]",○,[4],"NDMAによる発がんリスクを推定する。
1. 1日あたりのNDMA摂取量:
   製剤中のNDMA濃度 = 0.08 μg / 1000 mg メトホルミン
   患者のメトホルミン摂取量 = 1500 mg/日
   NDMA摂取量 = (0.08 μg / 1000 mg) * 1500 mg/日 = 0.12 μg/日
2. 実質安全量(VSD)との比較:
   VSD = 0.1 μg/日 (生涯曝露でリスク 1.0 x 10^-5)
   患者の摂取量はVSDの 0.12 / 0.1 = 1.2 倍。
3. 曝露期間の影響:
   VSDは生涯(70年)曝露を仮定したリスク。
   患者の曝露期間は10年間。
4. リスクの推定:
   発がんリスクは曝露量と曝露期間に比例すると仮定する。
   推定生涯リスク = (基準リスク) × (曝露量 / VSD) × (曝露期間 / 生涯期間)
   推定生涯リスク = (1.0 × 10^-5) × (0.12 μg/日 / 0.1 μg/日) × (10年 / 70年)
   推定生涯リスク = (1.0 × 10^-5) × 1.2 × (1/7)
   推定生涯リスク ≈ 1.71 × 10^-6
選択肢の中で最も近い値は 1.7 × 10^-6 である。"
問239,実務,"[(2, 5)]",×,"[4, 5]","NDMAが検出されたメトホルミン製剤を服用していた患者への説明内容の適切性を判断する。
背景情報として、検出されたNDMAによるリスクは極めて低く、国内での健康被害報告はないことを踏まえる。
選択肢1: NDMAのような遺伝毒性発がん物質には閾値はないと考えられているため、「閾値がある」という説明は不適切。誤り。
選択肢2: 患者のNDMA摂取量は0.12 μg/日であり、実質安全量(VSD)の0.1 μg/日を上回っている。したがって、「下回っている」は誤り。
選択肢3: リスクは極めて低いと考えられるため、直ちに他の同種同効薬に変更する必要があると断定するのは不適切。治療継続のベネフィットとリスクを考慮し、医師と患者が相談して決定すべき事項である。誤り。
選択肢4: メトホルミンの服用を自己判断で中止すると、血糖コントロールが悪化するリスクがある。服用継続や変更については必ず医師に相談するように指導するのは適切である。正しい。
選択肢5: 薬剤師として、NDMAに関する正確な情報（リスク評価、国内外の状況など）を医師に提供し、患者への説明方針について連携することは、適切なリスクコミュニケーションである。正しい。"
問240,実務,"[(1, 5)]",○,"[1, 5]","患児は症状（嘔吐、腹痛）と検査所見（高値のδ-アミノレブリン酸、有核赤血球増加、高値の赤血球遊離プロトポルフィリン、高値の血中鉛濃度）から鉛中毒と診断される。鉛中毒の治療にはキレート剤が用いられる。
選択肢1: EDTAカルシウム二ナトリウム(CaNa2EDTA)は鉛中毒の治療に用いられる代表的なキレート剤である。正しい。
選択肢2: ホメピゾールはエチレングリコールやメタノール中毒の解毒薬である。
選択肢3: メチレンブルーはメトヘモグロビン血症の治療薬である。
選択肢4: 亜硝酸アミルはシアン化物中毒の治療薬である。
選択肢5: ジメルカプロール(BAL)も鉛中毒の治療に用いられるキレート剤であり、特に脳症を伴う重症例などでCaNa2EDTAと併用されることがある。正しい。"
問241,衛生,"[(2, 5)]",○,"[2, 5]","鉛はヘム生合成経路の複数の酵素を阻害する。特に強く阻害されるのは、δ-アミノレブリン酸脱水酵素（ALAデヒドラターゼ）とフェロケラターゼである。
図中の反応と照らし合わせる。
反応2の前段階: 2分子のδ-アミノレブリン酸からポルフォビリノーゲンを生成する反応はALAデヒドラターゼによって触媒される。鉛はこの酵素を阻害するため、δ-アミノレブリン酸が蓄積する。したがって、反応2が阻害される。
反応5: プロトポルフィリンⅨに鉄(Fe2+)を組み込んでヘムを生成する反応はフェロケラターゼによって触媒される。鉛はこの酵素も阻害するため、プロトポルフィリンⅨが蓄積し、鉄の利用が妨げられる。したがって、反応5が阻害される。
患児の検査所見（δ-アミノレブリン酸高値、赤血球遊離プロトポルフィリン高値）も、これらの酵素阻害と一致する。
したがって、鉛によって抑制される反応は2と5である。"
問242,衛生,"[(3,)]",×,[4],"屋外のWBGT (暑さ指数) は、WBGT = 0.7 × 湿球温度 + 0.2 × 黒球温度 + 0.1 × 乾球温度 で計算される。まず、表2を用いて湿球温度を求める。
午前8時:
 乾球温度 = 28.0℃, 相対湿度 = 80%
 表2より、乾球温度28℃、相対湿度80%の時の湿球温度は 25℃。
 WBGT (午前8時) = 0.7 × 25 + 0.2 × 34.0 + 0.1 × 28.0 = 17.5 + 6.8 + 2.8 = 27.1℃
午後2時:
 乾球温度 = 32.0℃, 相対湿度 = 30%
 表2より、乾球温度32℃、相対湿度30%の時の湿球温度は 22℃。
 WBGT (午後2時) = 0.7 × 22 + 0.2 × 38.0 + 0.1 × 32.0 = 15.4 + 7.6 + 3.2 = 26.2℃
計算結果は午前8時が約27℃、午後2時が約26℃である。選択肢の中でこの組み合わせに最も近いのは (27, 26) である。"
問243,実務,"[(3, 5)]",×,"[4, 5]","熱中症予防に関する学校への助言内容の正誤を判断する。
選択肢1: 乾球温度（気温）が同じ場合、湿度が低い方が汗が蒸発しやすく、湿球温度が下がるため、WBGTは低くなり熱中症リスクは減少する。誤り。
選択肢2: 黒球温度は日射や地面、建物からの輻射熱の影響を反映する指標であり、WBGTの計算に用いられる。主に赤外線放射による熱を測定するものであり、紫外線の影響を最も強く受けるわけではない。誤り。
選択肢3: 乾球温度が高い場合でも、湿度が低く風があれば汗の蒸発が促進され、体温上昇を抑えることができる。風によって感覚温度が下がらないことがある、というのは通常は誤り（体温より気温が高い場合は除く）。不正確な記述。
選択肢4: 体育館などの屋内でも、高温多湿で風通しが悪い環境では熱中症のリスクがある。日射（熱輻射）の影響がなくても、湿度が高ければWBGTは高くなる。正しい。
選択肢5: 体が暑さに慣れていない時期（暑くなり始め、梅雨明けなど）や、急に気温が上昇した日は、体が暑熱環境に順応できていないため、熱中症のリスクが高まる。正しい。"
問244,実務,"[(2, 5)]",○,"[2, 5]","抗がん剤（シクロホスファミド）調製時の曝露事故に関する指導内容の正誤を判断する。
選択肢1: バイアル内を陽圧にすると薬液飛散のリスクが高まるため、陰圧に保つか、CSTDなどを用いて圧調整を行うべきである。誤り。
選択肢2: ルアーロック型のシリンジは、針との接続部がねじ込み式になっており、外れにくい構造であるため、曝露リスク低減に有効である。事故防止策として指導するのは適切。正しい。
選択肢3: 溶解・吸引操作に適した太さの針を選ぶべきであり、極端に細い針(32G)の使用は現実的ではない。また、針の太さ自体が外れる直接の原因ではない。不適切。
選択肢4: 安全キャビネット内で飛散した薬液を拭き取る際は、汚染を広げないように周辺部から中心部に向かって拭き取るのが基本である。誤り。
選択肢5: 飛散した薬液は細胞毒性があるため、適切に処理する必要がある。水を含ませたガーゼで拭き取り、さらに消毒用エタノールで清拭するのは、汚染除去の一般的な手順である。拭き取ったガーゼは汚染物として適切に廃棄する。正しい。
事故後の対応としては5が直接的。事故防止策の指導としては2も重要。"
問245,衛生,"[(1, 3)]",×,"[3, 5]","抗がん剤調製に伴う廃棄物の処理に関する知識を問うている。
選択肢1: 使用済み注射針は、感染性の有無に関わらず、鋭利なものとして耐貫通性の専用容器（黄色バイオハザードマーク）に廃棄する。図Aの橙色マークは液状・泥状の感染性廃棄物用であり不適切。誤り。
選択肢2: 抗がん剤が付着したガーゼは、細胞毒性を有するため特別管理産業廃棄物（または感染性廃棄物）として処理する必要がある。一般の事業系一般廃棄物ではない。誤り。
選択肢3: 使用後の抗がん剤バイアルには薬剤が残存・付着しているため、特別管理産業廃棄物（または感染性廃棄物）として処理する。正しい。
選択肢4: 使用後のシリンジも同様に、抗がん剤が付着しているため特別管理産業廃棄物（または感染性廃棄物）として処理する。事業系一般廃棄物ではない。誤り。
選択肢5: 調製時に使用したディスポーザブル手袋も抗がん剤が付着している可能性があるため、特別管理産業廃棄物（または感染性廃棄物）として処理する。正しい。"
問246,薬理,"[(3, 5)]",○,"[3, 5]","処方1のリスペリドンは非定型抗精神病薬（SDA）、処方2のハロペリドールは定型抗精神病薬、処方3のラメルテオンはメラトニン受容体作動薬である。
選択肢1: ドパミンD₂受容体部分アゴニストはアリピプラゾール等の作用機序であり、処方薬には該当しない。
選択肢2: リスペリドンはH₁受容体やα₁受容体を遮断するが、刺激はしない。
選択肢3: リスペリドンとハロペリドールはドパミンD₂受容体を遮断し、統合失調症の陽性症状を改善する。これは正しい。
選択肢4: GABA<0xE2><0x82><0x90>受容体のベンゾジアゼピン結合部位に作用するのはベンゾジアゼピン系薬剤であり、処方薬には該当しない。
選択肢5: ラメルテオンはメラトニンMT₁及びMT₂受容体を刺激し、睡眠-覚醒リズムを正常化する。これは正しい。
したがって、正しい記述は3と5である。"
問247,実務,"[(4,)]",×,[3],"患者の1日の服用量は、リスペリドンが1mg×3錠=3mg、ハロペリドールが1%細粒0.6gであり、これはハロペリドールとして0.6g × 10mg/g = 6mgに相当する。
提示された換算表（経口クロルプロマジン100mgに相当する換算値）に基づき、各薬剤のクロルプロマジン換算量を計算する。
リスペリドン1mgがクロルプロマジン100mgに相当するため、リスペリドン3mgの換算量は (3mg / 1mg) × 100mg = 300mgとなる。
ハロペリドール2mgがクロルプロマジン100mgに相当するため、ハロペリドール6mgの換算量は (6mg / 2mg) × 100mg = 300mgとなる。
したがって、この患者の1日分のクロルプロマジン換算量の合計は、300mg + 300mg = 600mgである。
選択肢の中に600mgは存在しないが、最も近い値は選択肢3の660mgであるため、これを選択する。他の選択肢は計算結果から大きく離れている。"
問248,実務,"[(1, 4)]",○,"[1, 4]","処方1はナルコレプシー治療薬のモダフィニルである。患者への説明内容を検討する。
選択肢1: モダフィニルは精神刺激薬であり、連用により依存性を形成するリスクがあるため、その可能性について説明することは適切である。
選択肢2: モダフィニルは流通管理の対象薬剤であり、薬局での空PTPシート回収は適切な対応であるが、患者への説明の優先度としては他の項目と比較検討が必要。
選択肢3: 脱毛は副作用として報告されているが頻度は不明であり、主要な副作用として全ての人に説明する必要性は低い。
選択肢4: 頭痛はモダフィニルの比較的頻度の高い副作用（10%以上）であり、服用開始後に起こりうる症状として説明しておくことは適切である。
選択肢5: カフェインとの併用で中枢神経興奮作用が増強する可能性があるため注意喚起は適切だが、「避けること」と断定するより「過量摂取に注意」等の指導が一般的。
以上より、患者への説明として特に重要なのは、依存性の可能性(1)と頻度の高い副作用である頭痛(4)と考えられる。"
問249,薬理,"[(4, 5)]",○,"[4, 5]","処方2のクロミプラミンは三環系抗うつ薬、処方3のメチルフェニデートは中枢神経刺激薬である。
選択肢1, 2, 3はいずれの薬剤の主要な作用機序でもない。
選択肢4: メチルフェニデートは、神経終末におけるドパミン及びノルアドレナリンの再取り込みを阻害することで、シナプス間隙のこれらの神経伝達物質濃度を高める。これは正しい。
選択肢5: クロミプラミンは、セロトニン及びノルアドレナリンの再取り込みを阻害する。特にセロトニン再取り込み阻害作用が強い。これは正しい。
したがって、正しい記述は4と5である。"
問250,薬理,"[(1, 5)]",○,"[1, 5]","患者は潰瘍性大腸炎に対し、メサラジン、ステロイド、タクロリムス（カルシニューリン阻害薬）、アザチオプリン（プリン代謝拮抗薬）、アダリムマブ（TNF-α阻害薬）を使用しているが効果不十分である。これらと異なる作用機序の薬剤が候補となる。
選択肢1: IL-12/23p40阻害薬（例: ウステキヌマブ）は既存薬と作用機序が異なり、潰瘍性大腸炎の適応があるため適切。
選択肢2: TNF-α阻害薬は既に使用中（アダリムマブ）のため不適切。
選択肢3: カルシニューリン阻害薬は既に使用中（タクロリムス）のため不適切。
選択肢4: プリン代謝拮抗薬は既に使用中（アザチオプリン）のため不適切。
選択肢5: JAK阻害薬（例: トファシチニブ）は既存薬と作用機序が異なり、潰瘍性大腸炎の適応があるため適切。
したがって、適切な作用機序は1と5である。"
問251,実務,"[(3, 5)]",○,"[3, 5]","問250の流れから、新たに開始する内服薬はJAK阻害薬（例: トファシチニブ）と考えられる。その留意点について検討する。
選択肢1: 通常、維持期も連日投与であり、隔日投与は一般的ではない。
選択肢2: 腎機能障害のリスクはあるが、特に頻度が高いわけではない。感染症、血栓症、肝機能障害、血球減少、脂質異常などがより重要。
選択肢3: JAK阻害薬は脂質異常症（コレステロール、トリグリセリド上昇）を引き起こす可能性があり、定期的な検査が必要。説明内容として適切。
選択肢4: 眠気は一般的な副作用ではない。
選択肢5: JAK阻害薬は免疫抑制作用により、帯状疱疹を含む重篤な感染症のリスクが増加する。非常に重要な留意点であり、説明内容として適切。
したがって、適切な説明内容は3と5である。"
問252,実務,"[(2, 3)]",○,"[2, 3]","患者は帯状疱疹の治療として抗ウイルス薬バラシクロビルと鎮痛薬アセトアミノフェンを服用する。
選択肢1: 帯状疱疹は水痘未罹患者等に感染させる可能性はあるが、患部を覆えばリスクは低く、一律に出勤停止とはならないため不適切。
選択肢2: バラシクロビルは腎障害のリスクがあり、むくみや尿量減少はその兆候である可能性があるため、すぐに知らせるよう伝えることは副作用の早期発見のために適切。
選択肢3: 帯状疱疹は再発する可能性があるため、情報提供として適切。
選択肢4: バラシクロビルによる腎障害予防のため、水分摂取が推奨されるため不適切。
選択肢5: 痛みの対処として冷やすのが常に良いとは限らず、温める方が良い場合もあるため不適切。
以上より、適切な説明は2と3である。"
問253,薬理,"[(1, 3)]",○,"[1, 3]","帯状疱疹後神経痛（PHN）の治療薬の作用機序を問う問題。
選択肢1: プレガバリンなどは電位依存性Ca²⁺チャネルのα₂δサブユニットに結合し、神経伝達物質の放出を抑制する。PHN治療薬の作用機序として正しい。
選択肢2: GABA<0xE2><0x82><0x90>受容体刺激はPHN治療の主たる作用機序ではない。
選択肢3: オピオイドμ受容体作動薬（トラマドールなど）は鎮痛作用を示し、PHN治療に用いられることがある。作用機序として正しい。
選択肢4: セロトニン5-HT<0xE2><0x82><0x82><0xE2><0x82><0x83>/<0xE2><0x82><0x83><0xE2><0x82><0x97>受容体刺激はトリプタン系の作用機序。
選択肢5: CGRP受容体遮断は片頭痛予防薬の作用機序。
したがって、正しい作用機序は1と3である。"
問254,薬理,"[(3,)]",○,[3],"使用された抗不整脈薬はジソピラミド（Ia群）とソタロール（III群、II群作用も併せ持つ）である。
選択肢1: Na⁺チャネル遮断はジソピラミドの主作用だが、ソタロールにはない。
選択肢2: Ca²⁺チャネル遮断はIV群の作用。
選択肢3: K⁺チャネル遮断作用は、活動電位持続時間を延長させる作用であり、ジソピラミド（Ia群）とソタロール（III群）の両方が持つ共通の作用である。
選択肢4: β受容体遮断作用はソタロールが持つが、ジソピラミドは持たない。
選択肢5: M₂受容体遮断（抗コリン作用）はジソピラミドが持つが、ソタロールは持たない。
したがって、共通する作用機序はK⁺チャネル遮断(3)である。"
問255,実務,"[(3, 4)]",×,"[2, 4]","心電図所見を分析する。RR間隔は約20マス(0.8秒)で心拍数約75回/分。PR間隔は約5マス(0.20秒)で正常上限。QRS幅は正常範囲。QT間隔は約12-13マス(0.48-0.52秒)であり、RR間隔の半分を超えている。補正QTc時間は約0.54-0.58秒となり、明らかに延長している（選択肢4）。これはソタロールのK⁺チャネル遮断作用による副作用である。
PR間隔が0.20秒であり正常上限であることから、I度房室ブロック（選択肢2）の可能性も考えられる。ソタロールのβ遮断作用は房室伝導を抑制する。
徐脈（選択肢3）は心拍数75回/分なので認められない。ST上昇（選択肢1）やテント状T波（選択肢5）も認められない。
したがって、認められる心電図異常として最も明らかなQT延長(4)と、可能性のある房室ブロック(2)が考えられる。"
問256,薬理,"[(4, 5)]",○,"[4, 5]","処方1はダルベポエチンアルファ（ESA）、処方2はダプロデュスタット（HIF-PH阻害薬）である。
選択肢1: 補体C5阻害薬の作用機序。
選択肢2: 葉酸の作用機序の一部。
選択肢3: ビタミンB6などの作用機序。
選択肢4: ダルベポエチンアルファはエリスロポエチン受容体に結合し、赤芽球系前駆細胞の分化・増殖を促進する。これは正しい。
選択肢5: ダプロデュスタットはHIF-PHDを阻害し、HIFを安定化させることで内因性エリスロポエチンの産生を促進する。これは正しい。
したがって、正しい作用機序は4と5である。"
問257,実務,"[(4,)]",○,[4],"処方2の薬剤はダプロデュスタット（HIF-PH阻害薬）である。このクラスの薬剤に共通する重大な副作用として血栓塞栓症（脳梗塞、心筋梗塞、肺塞栓症、深部静脈血栓症など）が知られている。
選択肢1, 2, 3, 5は重大な副作用として特に強調されているものではない。
したがって、重大な副作用として最も適切なのは血栓塞栓症(4)である。"
問258,実務,"[(3,)]",○,[3],"患者が使用している点眼薬はラタノプロスト（プロスタグランジン関連薬）とドルゾラミド（炭酸脱水酵素阻害薬）である。これらは共に眼圧下降作用を持つ薬剤である。
作用機序の異なる2種類の眼圧下降薬を使用していることから、眼圧を下げる治療が必要な疾患、すなわち緑内障または高眼圧症である可能性が極めて高い。
選択肢1, 2, 4, 5の疾患治療にこれらの眼圧下降薬が主として用いられることはない。
したがって、最も可能性が高い疾患は緑内障(3)である。"
問259,薬理,"[(2,)]",○,[2],"患者は過活動膀胱治療薬ソリフェナシン（抗コリン薬）を使用中であり、緑内障（問258より）も治療中である。抗コリン薬は緑内障（特に閉塞隅角）に禁忌または慎重投与であるため、代替薬への変更を提案する場面である。
緑内障患者の過活動膀胱治療には、抗コリン作用のないβ₃アドレナリン受容体作動薬（ミラベグロンなど）が用いられる。これは膀胱平滑筋のβ₃受容体を刺激し、膀胱を弛緩させる。
選択肢1, 4, 5は過活動膀胱治療の作用機序ではない。
選択肢3は現在使用中のソリフェナシンの作用機序。
したがって、提案する薬物の作用機序として適切なのはアドレナリンβ₃受容体刺激(2)である。"
問260,実務,"[(2, 3)]",○,"[2, 3]","患者はヘリコバクター・ピロリ除菌療法（ボノプラザン、アモキシシリン、クラリスロマイシン）を開始する。
選択肢1: ボノプラザンは粉砕しても効果は減弱しないため不適切。
選択肢2: 抗菌薬による下痢・軟便は頻度の高い副作用であり、説明は適切。
選択肢3: クラリスロマイシンによる味覚異常もよく見られる副作用であり、起こりうることを伝えるのは適切。「数日で治まる」は不正確な場合もあるが、副作用の説明としては許容範囲か。
選択肢4: 激しい運動を控える必要はないため不適切。
選択肢5: 除菌判定は服用終了後4週間以上経過してから行うため不適切。
以上より、適切な説明は2と3である。"
問261,薬理,"[(2, 5)]",○,"[2, 5]","ボノプラザン（P-CAB）とラベプラゾール（PPI）に関する記述。
選択肢1: ボノプラザンはH⁺,K⁺-ATPaseの活性を阻害するものであり、発現を抑制するわけではない。
選択肢2: ボノプラザン（P-CAB）は酸による活性化を必要とせずに作用できる。これは正しい。
選択肢3: PPIはイオン捕捉により壁細胞内に集積するが、P-CABの機序は異なる。
選択肢4: H⁺,K⁺-ATPaseと競合するのはP-CAB。PPIは非可逆的に結合する。
選択肢5: ラベプラゾール（PPI）は活性化された後、H⁺,K⁺-ATPaseと共有結合（ジスルフィド結合）を形成して非可逆的に阻害する。これは正しい。
したがって、正しい記述は2と5である。"
問262,実務,"[(2, 3)]",○,"[2, 3]","糖尿病治療薬の変更に関する疑義照会。シタグリプチンから経口セマグルチド+ダパグリフロジンに変更。
選択肢1: セマグルチドには経口剤（錠剤）があるので剤形は問題ない。
選択肢2: 経口セマグルチドは「起床時空腹時に水で服用し、その後30分飲食・他剤服用禁止」という特殊な用法が必要。処方指示が「朝食後」では効果が得られないため、疑義照会が必要。
選択肢3: 経口セマグルチドの開始用量は通常3mg/日であり、7mg/日はいきなり開始するには高用量で副作用リスクが高い。疑義照会が必要。
選択肢4: セマグルチドとグリメピリド（SU薬）は併用禁忌ではないが、低血糖リスク増大のためSU薬減量を考慮すべき。疑義照会の可能性はあるが、2, 3ほど必須ではない。
選択肢5: セマグルチドとダパグリフロジンは併用禁忌ではない。
したがって、疑義照会すべき内容は服用タイミング(2)と開始用量(3)である。"
問263,薬理,"[(2, 5)]",×,"[3, 5]","処方薬（メトホルミン, グリメピリド, セマグルチド, ダパグリフロジン, エナラプリル）の作用機序。
選択肢1: セマグルチドはGLP-1受容体刺激でインスリン分泌促進、グルカゴン分泌**抑制**。誤り。
選択肢2: DPP-4阻害は変更前のシタグリプチンの作用機序。
選択肢3: エナラプリルはACEを阻害し、アンジオテンシンII生成を抑制する。正しい。
選択肢4: メトホルミンはミトコンドリア呼吸鎖複合体Iを阻害するが、インスリン分泌抑制ではない。
選択肢5: メトホルミンはAMPKを活性化し、肝での糖新生を抑制する。正しい。
したがって、正しい作用機序は3と5である。"
問264,実務,"[(2, 5)]",○,"[2, 5]","肺結核治療（RFP, INH, PZA, EB）の服薬指導。
選択肢1: 結核治療は通常6ヶ月以上であり、30日分で終了ではないため不適切。
選択肢2: リファンピシンにより尿や便などが橙赤色に着色することがある。説明は適切。
選択肢3: 高尿酸血症はピラジナミドの副作用。イソニアジドは末梢神経障害など。
選択肢4: チラミンとの相互作用はMAO阻害薬で問題となる。ピラジナミドではない。
選択肢5: エタンブトールの重大な副作用として視神経障害（視力低下、色覚異常など）がある。説明は極めて重要であり適切。
したがって、適切な説明は2と5である。"
問265,薬理,"[(1, 2)]",○,"[1, 2]","抗結核薬（RFP, INH, PZA, EB）の作用機序。
選択肢1: リファンピシン(RFP)はDNA依存性RNAポリメラーゼを阻害し、RNA合成を抑制する。正しい。
選択肢2: イソニアジド(INH)はミコール酸合成を阻害し、細胞壁合成を抑制する。正しい。
選択肢3: トポイソメラーゼ阻害はニューキノロン系の作用機序。
選択肢4: ATP合成酵素阻害はベダキリンの作用機序。
選択肢5: リボソーム30Sサブユニット作用はアミノグリコシド系などの作用機序。
したがって、正しい作用機序は1と2である。"
問266,薬剤,"[(2,)]",○,[2],"ニコチンガムの効果を妨げる飲食物とその理由。ニコチンは弱塩基性で、口腔内が酸性だと吸収が低下する。
選択肢1: 炭酸水(a)は酸性で吸収を低下させるが、理由は溶出低下ではなく吸収低下。
選択肢2: 炭酸水(a)により口腔内が酸性になりニコチンの吸収が低下する。これが正しい。
選択肢3, 4: 亜鉛サプリ(b)とニコチン吸収の関係は不明確。胃内pHやキレートは口腔粘膜吸収に影響小。
選択肢5, 6: セントジョーンズワート(c)はCYP3A4等を誘導するが、ニコチンの主代謝はCYP2A6であり、口腔粘膜吸収のため影響は小さい。
したがって、正しい組み合わせは2である。"
問267,実務,"[(1, 4)]",○,"[1, 4]","ニコチンガムの使用方法・注意点の説明。
選択肢1: 「ゆっくり噛み、ピリッとしたら頬と歯茎の間に置く」は正しい使用方法。
選択肢2: ニコチンガムは喫煙欲求が出た時に使用するものであり、定期使用ではない。
選択肢3: 禁煙補助療法であり、治療開始と同時に禁煙が原則。喫煙との併用は避ける。
選択肢4: 唾液中のニコチンを飲み込むと副作用の原因になるため、飲み込まずに出すように指導するのは適切。
選択肢5: 使用後のガムは医療廃棄物ではなく、紙に包んで捨てる。
したがって、適切な説明は1と4である。"
問268,実務,"[(1, 3)]",○,"[1, 3]",患者はネフローゼ症候群による浮腫があり、ループ利尿薬であるフロセミド40mg/日を7日間使用しても浮腫の軽減が不十分である。ネフローゼ症候群の浮腫治療において、ループ利尿薬の効果が不十分な場合、ループ利尿薬の増量、またはサイアザイド系利尿薬（例: ヒドロクロロチアジド）の併用が考慮される。選択肢1のヒドロクロロチアジドの追加は、フロセミドとの併用で利尿効果の増強が期待できるため適切である。選択肢3のフロセミドの増量も、効果不十分な場合の標準的な対応であり適切である。選択肢2のプレドニゾロンはネフローゼ症候群の原因療法として用いられるステロイドであり、直接的な利尿作用を期待するものではないため、浮腫軽減目的の提案としては優先度が低い。また、中止は治療方針に反する。選択肢4のカルペリチドは急性心不全治療薬であり、適応が異なる。選択肢5のピタバスタチンは脂質異常症治療薬であり、浮腫治療とは関係ない。したがって、薬剤師が提案する内容として適切なのはフロセミドの増量とヒドロクロロチアジドの追加である。
問269,薬剤,"[(2,)]",○,[2],"患者はステロイド抵抗性のネフローゼ症候群と診断され、シクロスポリンが追加された。処方2のピタバスタチンとの相互作用について、薬剤師が医師に情報提供する場面である。シクロスポリンは肝臓の薬物トランスポーターであるOATP1B1の強力な阻害薬である。ピタバスタチンは主にOATP1B1を介して肝臓に取り込まれるため、シクロスポリンとの併用により肝臓への取り込みが阻害され、ピタバスタチンの血中濃度が上昇し、副作用（横紋筋融解症など）のリスクが増大する。したがって、薬剤師が説明すべき相互作用の機序は、シクロスポリンによるピタバスタチンの肝取り込み阻害である。選択肢1: シクロスポリンは消化管吸収には影響しない。選択肢3: ピタバスタチンの代謝には主にCYP2C9が関与するが、シクロスポリンはCYP3A4の阻害薬であり、CYP2C9への影響は小さい。また、シクロスポリンがピタバスタチンの代謝を阻害するわけではない。選択肢4, 5: シクロスポリンがピタバスタチンの尿細管分泌や再吸収を阻害するという機序は主要ではない。よって、最も適切な理由は選択肢2である。"
問270,薬剤,"[(5,)]",×,[4],患者はイトラコナゾールカプセル50mgを服用開始した。お薬手帳から確認された現在服用中の薬剤との薬物相互作用が懸念されている。併用薬にはシンバスタチン5mgが含まれている。イトラコナゾールは強力なCYP3A4阻害薬である。一方、シンバスタチンは主にCYP3A4によって代謝される薬剤（基質）である。したがって、イトラコナゾールとシンバスタチンを併用すると、シンバスタチンの代謝が阻害され、血中濃度が著しく上昇し、重篤な副作用である横紋筋融解症のリスクが増大する。この相互作用の機序は、代謝酵素CYP3A4の阻害である。選択肢1: イトラコナゾールは吸収に胃酸を必要とするが、これは他の薬剤との相互作用機序ではない。選択肢2: P糖タンパク質の阻害もイトラコナゾールの作用の一つだが、シンバスタチンとの相互作用においてはCYP3A4阻害が主である。選択肢3: OATP1B1は主に肝臓への取り込みに関与するトランスポーターであり、この組み合わせでの主要な相互作用機序ではない。選択肢5: ヘム鉄への配位結合によるCYP3A4阻害はアゾール系抗真菌薬の作用機序の一部であるが、薬物相互作用の発現機序としては「代謝物によるCYP3A4の不可逆的阻害」や「CYP3A4の阻害」と表現するのがより直接的である。選択肢4は代謝物による不可逆的阻害を指しており、イトラコナゾールによるCYP3A4阻害の様式として考えられる。他の選択肢と比較して、CYP3A4阻害による代謝抑制を最も適切に表現しているのは選択肢4である。
問271,実務,"[(3,)]",○,[3],前問で懸念されたイトラコナゾール（CYP3A4阻害薬）とシンバスタチン（CYP3A4基質）の薬物相互作用を回避するための処方変更提案である。相互作用を回避するには、原因薬剤（イトラコナゾール）を変更するか、影響を受ける薬剤（シンバスタチン）を変更する必要がある。選択肢1: シンバスタチンの投与量を減量しても、相互作用自体は残存し、血中濃度の上昇は避けられないため、根本的な解決にはならない。選択肢2: 投与タイミングの変更は、吸収過程での相互作用には有効な場合があるが、代謝阻害による相互作用には効果が限定的である。選択肢3: テルビナフィン塩酸塩錠は、アリルアミン系の抗真菌薬であり、イトラコナゾール（アゾール系）とは異なり、CYP3A4への影響が少ない。したがって、イトラコナゾールの代替薬としてテルビナフィンに変更することは、相互作用を回避する適切な方法である。選択肢4: イトラコナゾール内用液に変更しても、有効成分は同じであり、CYP3A4阻害作用は変わらないため、相互作用は回避できない。選択肢5: ボリコナゾール錠もアゾール系抗真菌薬であり、CYP3A4阻害作用を持つため、代替薬として不適切である。したがって、最も適切な提案はテルビナフィン塩酸塩錠への変更である。
問272,薬剤,"[(3, 5)]",○,"[3, 5]",患者はフェノバルビタールの過量摂取による意識障害を起こしている。治療として活性炭の経口投与と炭酸水素ナトリウム注射液の持続投与が行われている。フェノバルビタールは弱酸性の薬物であり、腎臓から尿中に排泄される際に、一部が尿細管で再吸収される。炭酸水素ナトリウムの投与は、尿をアルカリ化する作用がある。尿がアルカリ化されると、尿中の弱酸性薬物であるフェノバルビタールはイオン形（解離形）の割合が増加する。イオン形の薬物は脂溶性が低く、尿細管の細胞膜を通過しにくくなるため、尿細管からの再吸収が抑制される。その結果、フェノバルビタールの尿中排泄が促進される。活性炭は、消化管内でフェノバルビタールを吸着し、吸収を阻害するとともに、腸肝循環を抑制する効果も期待される。したがって、フェノバルビタールの体内動態に及ぼす活性炭及び炭酸水素ナトリウムの作用として適切なのは、活性炭による腸肝循環の抑制（選択肢3）と、炭酸水素ナトリウムによる尿細管再吸収の抑制（選択肢5）である。選択肢1: 血漿タンパク結合への影響は主要な作用ではない。選択肢2: 肝取り込みを促進する作用はない。選択肢4: 尿細管分泌を促進するのではなく、再吸収を抑制する。
問273,実務,"[(1, 3)]",○,"[1, 3]",フェノバルビタール過量摂取から回復後、3日目に患者に異変が見られた。これはフェノバルビタール（バルビツール酸系薬剤）の離脱症状（退薬症状）の可能性がある。バルビツール酸系薬剤の離脱症状としては、不安、不眠、焦燥感、振戦、悪心・嘔吐、起立性低血圧、けいれん発作などが知られている。観察された症状として適切なものを2つ選ぶ。選択肢1の「不安」は典型的な離脱症状である。選択肢2の「傾眠」はフェノバルビタールの薬理作用や過量摂取時の症状であり、離脱症状ではない。選択肢3の「手指振戦」も典型的な離脱症状である。選択肢4の「発疹」は薬物アレルギーなどが考えられるが、典型的な離脱症状ではない。選択肢5の「過度の心拍数低下」は離脱症状としては一般的ではない（頻脈が起こることはある）。したがって、観察された症状として適切なのは不安と手指振戦である。
問274,薬剤,"[(4,)]",×,[5],テルミサルタン錠の添付文書には、「40mg以上の投与量で用量比以上の曝露の上昇がみられた」との記載がある。これは、投与量が2倍になったとき、AUC（血中濃度時間曲線下面積）が2倍以上に増加する、非線形の薬物動態を示すことを意味する。グラフは横軸に投与量(mg)、縦軸にAUC(ng・h/mL)をとっている。各グラフの点を確認し、用量比以上のAUC上昇を示すものを探す。選択肢1と2は、投与量に比例してAUCが増加する線形の関係を示している。選択肢3と4は、高用量域でAUCの上昇が鈍化する飽和型の関係を示している。選択肢5は、投与量が20mgから40mg（2倍）でAUCは約400から約800（約2倍）だが、40mgから80mg（2倍）でAUCは約800から約2200（約2.75倍）へと、用量比以上にAUCが上昇している。したがって、添付文書の記載に最も近いグラフは選択肢5である。
問275,実務,"[(2, 5)]",○,"[2, 5]",患者は高血圧症でテルミサルタン（ARB）とエプレレノン（ミネラルコルチコイド受容体拮抗薬）を服用していたが、テルミサルタンを40mgに減量後、血圧が160/95 mmHgに上昇したため、他の降圧薬を追加することになった。ARBを服用中の患者への追加薬としては、Ca拮抗薬または利尿薬が一般的に推奨される。選択肢1のプロプラノロールはβ遮断薬。選択肢2のトリクロルメチアジドはサイアザイド系利尿薬。選択肢3のベラパミルは非ジヒドロピリジン系Ca拮抗薬。選択肢4のスピロノラクトンは抗アルドステロン薬であり、既にエプレレノンを服用しているため、併用は高カリウム血症のリスクを高める。選択肢5のアムロジピンはジヒドロピリジン系Ca拮抗薬。したがって、追加する降圧薬として適切なのは、利尿薬であるトリクロルメチアジド（選択肢2）とCa拮抗薬であるアムロジピン（選択肢5）である。ベラパミル（選択肢3）もCa拮抗薬だが、心抑制作用や他の薬剤との相互作用の観点から、アムロジピンの方が選択されやすい場合がある。ガイドライン上、ARB+利尿薬、ARB+Ca拮抗薬はいずれも推奨される組み合わせである。
問276,薬剤,"[(2, 3)]",×,"[1, 3]",処方1はフェンタニルクエン酸塩テープ（経皮吸収型製剤）、処方3はヒドロモルフォン塩酸塩徐放錠（経口徐放製剤）である。選択肢1: フェンタニルテープの多くはマトリックス型であり、薬物は濃度勾配に従って皮膚へ拡散する。定常状態では皮膚からの吸収速度が律速段階となり、見かけ上0次放出（一定速度での放出）を示す。正しい。選択肢2: フェンタニルクエン酸塩テープ4mgは、通常、放出速度（例: 4.2mg/72時間）や総含有量を示すものであり、1枚あたりの有効成分含量がフェンタニルとして2.55mgであるとは限らない。具体的な含量は製品情報によるが、一般的に表示量と単純な換算値は異なる。誤り。選択肢3: 経皮吸収型製剤は、貼付部位の血流や温度の影響を受ける。体温の上昇や外部からの加温により皮膚血流が増加し、薬物の吸収が亢進する可能性がある。正しい。選択肢4: ヒドロモルフォン徐放錠の製剤設計は製品によるが、シングルユニット型のリザーバー型（薬物貯蔵層が放出制御膜で覆われたタイプ）は一般的ではない。多くはマトリックス型や多層錠などである。誤り。選択肢5: 処方3（ヒドロモルフォン）は持続性のある徐放錠であり、処方1（フェンタニルテープ）の剥離直後に服用を開始すると、両方のオピオイドの効果が重なり過量投与のリスクがある。通常、切り替え時には適切な投与間隔や用量調節が必要。誤り。したがって、正しい記述は1と3である。
問277,実務,"[(1, 2)]",×,"[1, 4]",持続痛に対して処方2（モルヒネ内用液）を使用していたが効果不十分となり、突出痛に対して処方4（フェンタニルクエン酸塩舌下錠）が追加された。処方4は速効性のオピオイド鎮痛薬（レスキュー薬）である。患者への説明内容として適切なものを2つ選ぶ。選択肢1: フェンタニル舌下錠は口腔粘膜から速やかに吸収されるため、モルヒネ内用液（経口投与）と比較して効果発現が速い。突出痛に対して迅速に対応できる。正しい。選択肢2: レスキュー薬の投与量は、通常、ベースのオピオイド投与量に応じて設定され、効果を見ながら調整する。初回から最大量を使用するのは過量投与のリスクがあり不適切。誤り。選択肢3: 舌下錠は、舌下または頬粘膜で溶解させ、口腔粘膜から吸収させる薬剤である。噛み砕いたり、飲み込んだりすると、吸収部位や吸収速度が変わり、期待される効果が得られない可能性がある。誤り。選択肢4: 口腔内が乾燥していると、錠剤の溶解や粘膜からの吸収が悪くなる可能性がある。使用前に少量の水で口を湿らせることは、吸収を助けるために推奨される。正しい。選択肢5: フェンタニル舌下錠は突出痛（一時的に増強する痛み）に対して使用する薬剤である。持続性疼痛が増強した場合は、ベースとなっている持続性鎮痛薬（この症例では変更前の処方1や処方3など）の調整が必要であり、レスキュー薬の頻回使用で対応すべきではない。誤り。したがって、適切な説明は1と4である。
問278,実務,"[(3, 4)]",○,"[3, 4]",妊娠糖尿病でインスリン療法（処方1: インスリンデテミル、処方2: インスリンアスファルト）を受けている患者への情報提供。選択肢1: 妊娠中は、胎盤から分泌されるホルモン（hPLなど）の影響でインスリン抵抗性が増大するため、通常、妊娠中期以降はインスリン必要量が増加する。改善するわけではない。誤り。選択肢2: 妊娠中の糖尿病治療は、胎児への安全性が確立されているインスリン療法が原則である。経口血糖降下薬は原則使用しないため、BOT療法（経口薬と基礎インスリン併用）の導入は適切ではない。誤り。選択肢3: 出産後は胎盤が娩出されることでインスリン抵抗性が急速に改善し、血糖値は正常化することが多い。しかし、妊娠糖尿病の既往がある女性は、将来2型糖尿病を発症するリスクが高い。そのため、出産後も食事療法や運動療法を継続し、定期的に血糖値やHbA1cを検査することが推奨される。正しい。選択肢4: 妊娠中は母体と胎児の健康のため、厳格な血糖コントロールが必要である。血糖自己測定を1日数回行い、血糖値の変動を把握し、インスリン量を調整する必要がある。正しい。選択肢5: 出産直後はインスリン抵抗性が急激に改善するため、インスリン必要量が減少し、高血糖ではなく低血糖を起こしやすくなる。経口血糖降下薬を追加する状況ではない。誤り。したがって、正しい情報は3と4である。
問279,薬剤,"[(4,)]",○,[4],処方1の薬剤はインスリンデテミル（遺伝子組換え）であり、持効型溶解インスリンアナログである。その作用持続機序に関する問題。インスリンデテミルは、インスリン分子のB鎖29位のリジンに14炭素の脂肪酸（ミリスチン酸）が結合している。この脂肪酸側鎖により、皮下注射後、インスリンデテミル分子は皮下組織で自己会合するとともに、血中に入った後もアルブミンと結合する。このアルブミンとの結合により、インスリン受容体への結合が遅延し、作用が持続する。選択肢1: 結晶化による溶解性低下はNPHインスリン（中間型）の機序。誤り。選択肢2: 皮下組織でのマルチヘキサマー形成はインスリングラルギン（持効型）の機序の一部。誤り。選択肢3: 生理的pHで微細な沈殿物を形成するのはインスリングラルギン（持効型）の機序。誤り。選択肢4: インスリン分子に脂肪酸を結合させ、血中でアルブミンと複合体を形成することで作用を持続させるのがインスリンデテミルの特徴。正しい。選択肢5: プロタミン硫酸塩との複合体を形成するのはNPHインスリン（中間型）。誤り。
問280,実務,"[(1, 5)]",×,"[1, 2]",処方1はアブラキサン点滴静注用（nab-パクリタキセル）であり、GnP療法（ゲムシタビン+nab-パクリタキセル）の一部として使用される。薬剤師が医療スタッフに伝える注意事項として適切なものを2つ選ぶ。選択肢1: パクリタキセル製剤の重要な副作用として骨髄抑制（好中球減少、血小板減少など）がある。投与前には必ず血液検査値（特に好中球数、血小板数）を確認し、投与可否を判断する必要がある。正しい。選択肢2: アブラキサンはヒト血清アルブミン製剤であり、ヒト由来成分に対する過敏症のリスクがある。また、パクリタキセル自体による過敏症も起こりうる。従来のパクリタキセル製剤（タキソールなど）で必須であった過敏症予防の前投薬は通常不要だが、過敏症の発現に注意し、既往歴を確認することは重要である。正しい。選択肢3: アブラキサンの溶解・懸濁には生理食塩液を用いる。ブドウ糖液は使用しない。また、血管痛が出た場合に懸濁に用いる液を変更するという対応は一般的ではない。誤り。選択肢4: アブラキサンはナノ粒子製剤であり、インラインフィルターを使用すると粒子が除去されたりフィルターが目詰まりしたりする可能性があるため、使用してはならない。誤り。選択肢5: ヒト血清アルブミンを使用しているため、理論上の感染症伝播リスクに関する説明は重要であるが、製造工程で安全性は確保されている。骨髄抑制や過敏症といった、より頻度が高く重篤化しやすい副作用に関する注意喚起の方が、日常的な医療スタッフへの伝達事項としては優先度が高い。したがって、最も適切な注意事項は1と2である。
問281,薬剤,"[(1,)]",×,[4],処方1のアブラキサン点滴静注用（nab-パクリタキセル）に関する記述。アブラキサンは、難水溶性のパクリタキセルをヒト血清アルブミンに結合させることでナノ粒子化し、水性懸濁液とした製剤である。選択肢1: 有効成分（パクリタキセル）とアルブミンが結合したナノ粒子として存在し、血中で安定性を保ちつつ腫瘍組織へ送達されることを意図している。速やかに崩壊するわけではない。誤り。選択肢2: アルブミンに結合させたナノ粒子製剤であり、生分解性高分子を用いたマイクロカプセル化ではない。腫瘍組織への集積性を高める（EPR効果、SPARCを介した取り込みなど）ことが期待される。誤り。選択肢3: パクリタキセルとアルブミンは非共有結合的に結合している。共有結合ではない。誤り。選択肢4: 従来のパクリタキセル製剤（タキソールなど）は、溶解性を高めるためにポリオキシエチレンヒマシ油などの溶解補助剤が必要であったが、これが過敏症の原因となっていた。アブラキサンはアルブミンとの結合により水への分散性を改善したため、溶解補助剤が不要となり、過敏症のリスクが低減された。正しい。選択肢5: アルブミンの添加により溶解補助剤が不要になったことが主な利点であり、血管痛の軽減を主目的とするものではない（血管痛自体は起こりうる）。誤り。
問282,薬剤,"[(1, 4)]",○,"[1, 4]",シングリックス筋注用（乾燥組換え帯状疱疹ワクチン）に関する記述。シングリックスは、有効成分である糖タンパク質E（gE）とアジュバントAS01B（リポソーム、MPL、QS-21を含む）からなるサブユニットワクチンである。選択肢1: アジュバントに含まれるリポソームは脂質二重層からなる小胞であり、内部に水相（内水層）を持つ構造である。専用溶解用液はアジュバント懸濁液であり、このリポソームを含む。正しい。選択肢2: ポリソルベート80は界面活性剤であり、通常、タンパク質製剤の安定化（凝集抑制など）のために添加される。微生物の発育阻止（防腐）目的ではない。誤り。選択肢3: 精製白糖は、凍結乾燥製剤において、凍結・乾燥過程でのタンパク質の変性を防ぐための安定化剤（保護剤）として添加される。無痛化目的ではない。誤り。選択肢4: シングリックスは凍結乾燥製剤であり、貯法は2～8℃である。凍結すると品質が変化する可能性があるため、凍結は避ける必要がある。正しい。選択肢5: シングリックスはサブユニットワクチンであり、注射部位で抗原提示細胞に取り込まれ、免疫応答を誘導する。血中移行後に徐々に分解されて効果を発揮するような徐放性製剤ではない。誤り。したがって、正しい記述は1と4である。
問283,実務,"[(1, 3)]",×,"[1, 2]",ワクチン接種後、待合室で被接種者が気分が悪くなり倒れた。アナフィラキシーが疑われる状況での迅速な対応。アナフィラキシーは生命を脅かす可能性のある重篤なアレルギー反応であり、迅速かつ適切な初期対応が極めて重要である。選択肢1: まず患者の安全を確保し、仰臥位（ショック体位）にするなど、適切な体位を保つことが重要。正しい。選択肢2: アナフィラキシー治療の第一選択薬はアドレナリン（エピネフリン）の筋肉内注射である。気道確保、血圧維持に不可欠であり、最も優先されるべき処置である。正しい。選択肢3: 血圧低下（ショック）を伴う場合、循環血液量を維持するために急速輸液が必要となる。準備は迅速に行うべきである。正しい。選択肢4: 抗ヒスタミン薬は皮膚症状（蕁麻疹、掻痒感）や鼻症状には有効だが、気道閉塞や血圧低下などの重篤な症状に対する効果は限定的であり、アドレナリン投与を遅らせてはならない。補助的な治療として考慮される。選択肢5: 胸骨圧迫と人工呼吸は心停止した場合の心肺蘇生法である。呼吸・循環状態を確認し、心停止が確認された場合にのみ実施する。初期対応としては、まずアドレナリン投与と気道確保、酸素投与、輸液などが優先される。設問は「迅速な対応」を2つ選ぶものであり、アナフィラキシーを疑った場合に直ちに行うべき最も重要な対応は、患者の体位確保（1）とアドレナリン投与（2）である。輸液準備（3）も重要だが、アドレナリン投与が最優先される。
問284,薬剤,"[(2, 5)]",○,"[2, 5]",処方1はアニュイティ100μgエリプタ30吸入用（フルチカゾンフランカルボン酸エステル、DPI）、処方2はオルベスコ100μgインヘラー56吸入（シクレソニド、pMDI）である。これらの吸入薬に関する記述。選択肢1: 吸入薬は気道に適用されるが、注射剤のような無菌性は要求されない。無菌試験法には適合しない。誤り。選択肢2: 吸入薬の品質評価において、有効成分が肺の適切な部位に到達するために、粒子径分布（空気力学的粒度分布）は重要な特性である。DPI、pMDIともに評価対象となる。正しい。選択肢3: 処方1（アニュイティ）はDPIであり、薬剤はブリスターに充填されている。エアゾール缶、定量バルブ、アクチュエーターはpMDI（処方2のオルベスコなど）の構成要素である。誤り。選択肢4: 処方2（オルベスコ）はpMDIであり、噴射剤（液化ガス）とともに薬剤（溶解または懸濁）がエアゾールとして噴霧される。固体粒子のエアゾールとして吸入するわけではない（DPIがそれに近い）。誤り。選択肢5: 処方2（オルベスコ）のようなpMDIは、内部に高圧の噴射剤を保持するため、容器（エアゾール缶）は耐圧性の密封容器である必要がある。正しい。したがって、正しい記述は2と5である。
問285,実務,"[(3, 5)]",×,"[2, 5]",処方2のオルベスコ（シクレソニド、pMDI）について、家族に対する薬剤師の説明。オルベスコは吸入ステロイド薬であり、喘息の長期管理（コントローラー）として用いられる。選択肢1: 吸入ステロイド薬は気道の炎症を抑え、発作を予防する薬剤であり、既に起こっている発作を速やかに鎮める効果（リリーバー）はない。急性の発作時には短時間作用性β2刺激薬を使用する。誤り。選択肢2: pMDIは使用前に容器をよく振り、噴霧と吸入のタイミングを合わせることが重要である。初回使用時や長期間使用しなかった場合は、薬剤が均一に噴霧されるか確認するために「試し噴射」を行うことが推奨される。毎回行う必要はないが、噴霧を確認してから使用するという考え方は正しい。正しい。選択肢3: pMDIの吸入では、噴霧のタイミングに合わせてゆっくり深く吸い込むことが、薬剤を肺の奥まで到達させるために重要である。タイミング合わせは必要。誤り。選択肢4: 吸入ステロイド薬の使用後は、口腔カンジダ症や嗄声（声がれ）などの局所副作用を予防するために、うがいをすることが強く推奨される。必要ないわけではない。誤り。選択肢5: 吸入補助具（スペーサー）は、pMDIの噴霧と吸入の同調が難しい患者（小児や高齢者など）や、薬剤の口腔咽頭部への沈着を減らして肺内到達率を高めたい場合に有用である。使用を勧めることは適切な指導となりうる。正しい。したがって、適切な説明は2と5である。
問286,病態,"[(1, 3)]",×,"[2, 3]",患者は67歳女性、大腿骨近位部骨折で入院歴があり、骨密度は若年成人平均値(YAM)の65%であることから、骨粗鬆症と診断される。骨粗鬆症は、骨吸収が骨形成を上回ることで骨量が減少し、骨が脆弱になる疾患である。したがって、入院前は骨吸収が骨形成を上回った状態であったと考えられる（選択肢3）。選択肢1：原発性副甲状腺機能亢進症では通常高カルシウム血症を呈するが、本患者の血清カルシウム値は9.6 mg/dLと基準範囲内であるため、考えにくい。選択肢2：カルシウム不足による骨基質の石灰化障害は骨軟化症の特徴であり、骨粗鬆症の主病態（骨量減少）とは異なる。選択肢4：リセドロン酸ナトリウム（ビスホスホネート製剤）は、食道刺激のリスクを避けるため、起床時に十分な水とともに服用し、服用後少なくとも30分は横にならず上体を起こしている必要がある。臥位での服用は禁忌である。エルデカルシトールにその制限はないが、「いずれも」ではないため誤り。選択肢5：エルデカルシトール（活性型ビタミンD3製剤）は腸管からのカルシウム吸収を促進し、血清カルシウム値を上昇させる作用がある。リセドロン酸は骨吸収を抑制し、潜在的に血清カルシウム値を低下させる可能性があるが、エルデカルシトールはリセドロン酸による低カルシウム血症を増強するのではなく、むしろ抑制する方向に働く。以上より、正しい記述は3である。しかし、2つ選ぶ必要があるため、他の選択肢を再検討する。骨粗鬆症においても、カルシウムやビタミンDの不足は骨代謝のアンバランスに関与し、骨質の低下（石灰化を含む）に寄与する可能性がある。骨折のリスク因子としてカルシウム不足が関与しているという広い意味で選択肢2を正しいと解釈する余地もあるが、骨軟化症との混同を招きやすい表現である。他の選択肢が明確に誤りであるため、消去法的に2も正解の可能性があると判断するが、3の方がより直接的で正確な記述である。ここでは、骨粗鬆症の病態（骨吸収＞骨形成）を示す3と、骨折の背景因子としてのカルシウム不足による骨質への影響を示唆する2を選択する。
問287,実務,"[(3, 5)]",○,"[3, 5]",患者は処方された薬剤（週1回のリセドロン酸、毎日のエルデカルシトール）の服用を忘れがちで、負担に感じている。服薬アドヒアランスが不良であり、治療効果が十分に得られていない状況である。提案としては、アドヒアランスを改善するために、より負担の少ないレジメンへの変更が適切である。選択肢3：週1回製剤のリセドロン酸ナトリウム錠を月1回服用製剤に変更することは、服用頻度を大幅に減らし、患者の負担軽減とアドヒアランス向上に繋がるため適切である。選択肢5：リセドロン酸ナトリウム錠を6ヶ月に1回の皮下注射製剤であるデノスマブに変更することも、投与回数を大幅に削減し、アドヒアランスの問題を解決する有効な手段であるため適切である。選択肢1：ラロキシフェンは毎日服用の経口薬であり、アドヒアランス改善には繋がらない。選択肢2：メナテトレノン（ビタミンK2）を追加することは、薬剤数が増え、服用が煩雑になるため不適切である。選択肢4：テリパラチドは毎日自己注射する薬剤であり、手技の習得や管理が必要となるため、負担が増大しアドヒアランス改善には繋がらない。したがって、服用頻度を減らす提案である3と5が適切である。
問288,病態,"[(1, 4)]",○,"[1, 4]",患者は毎年2月から6月頃にかけて鼻水、くしゃみ、鼻づまりの症状があり、外出時に悪化することから、季節性アレルギー性鼻炎（花粉症）が強く疑われる。選択肢1：アレルギー性鼻炎における鼻閉（鼻づまり）は、鼻粘膜の血管が拡張し、浮腫（腫れ）が起こることが主な原因である。したがって、鼻粘膜における血管透過性の亢進が関与していると考えられる。これは正しい記述である。選択肢4：アレルギー性鼻炎の原因アレルゲンを特定するために、皮膚テスト（スクラッチテスト、プリックテストなど）や特異的IgE抗体検査が行われる。スクラッチテストは原因特定に有用な検査法の一つである。これは正しい記述である。選択肢2：アレルギー性鼻炎の病態は、主にIgE抗体が関与するI型アレルギー反応である。免疫複合体（抗原抗体複合体）の沈着が主となるのはIII型アレルギー反応であり、アレルギー性鼻炎の主たるメカニズムではない。選択肢3：アレルギー性鼻炎では、アレルギー性炎症の結果として、鼻汁中に好酸球が増加することが特徴である。減少するというのは誤りである。選択肢5：加齢に伴う鼻粘膜の萎縮は萎縮性鼻炎であり、鼻閉感、乾燥感、痂皮形成などを特徴とする。本患者の症状（鼻汁、くしゃみ、鼻閉）はアレルギー性鼻炎の典型であり、萎縮を示唆する所見はない。以上より、1と4が正しい。
問289,実務,"[(1,)]",×,[2],"患者はアレルギー性鼻炎症状（鼻汁、くしゃみ、鼻閉）があり、OTC薬を希望している。考慮すべき点は、①アレルギー性鼻炎への効果、②眠気の副作用（運転するため）、③前立腺肥大症（BPH）への影響（抗コリン作用、α刺激作用による排尿困難悪化リスク）である。選択肢1, 2：エピナスチン塩酸塩は第2世代抗ヒスタミン薬であり、第1世代に比べて眠気や抗コリン作用が少ない。アレルギー性鼻炎に有効であり、運転への影響も比較的小さく、BPHへの影響も少ないと考えられるため、最も適切な選択肢である。パックサイズの違い（6錠 vs 48錠）はあるが、成分としては適切。症状が季節性で数ヶ月続くことを考えると、48錠（選択肢2）の方が継続使用に適している可能性がある。選択肢3：クロルフェニラミンマレイン酸塩は第1世代抗ヒスタミン薬で眠気が強い。フェニレフリン塩酸塩はα刺激作用を持つ血管収縮薬で、BPH患者では排尿困難を悪化させる可能性がある。ダツラエキスは抗コリン作用を持ち、これもBPHに悪影響を与える可能性がある。運転にもBPHにも不適切。選択肢4, 5：プソイドエフェドリン塩酸塩はα・β刺激作用を持つ血管収縮薬で、BPH患者では排尿困難を悪化させる可能性がある。カルビノキサミンマレイン酸塩は第1世代抗ヒスタミン薬で眠気が強い。ベラドンナ総アルカロイドは抗コリン作用を持つ。無水カフェインは眠気対策だが、全体として運転にもBPHにもリスクが高い。したがって、最も適切な薬剤はエピナスチン塩酸塩である。継続的な使用を考慮し、48錠入りを選択肢2とする。"
問290,実務,"[(2,)]",×,[5],患者は2型糖尿病（カナグリフロジン/テネリグリプチン配合錠）、C型慢性肝炎（ウルソデオキシコール酸）の治療中に、C型肝炎に対する直接作用型抗ウイルス薬（DAA）としてレジパスビル・ソホスブビル配合錠が追加された。選択肢1：カナグリフロジンはSGLT2阻害薬であり、腎臓での糖再吸収を抑制し尿糖排泄を促進するため、浸透圧利尿により尿量が増加することがある。これは正しい服薬指導である。選択肢2：レジパスビル・ソホスブビル配合錠は1日1回服用である。飲み忘れた場合、次の服用時刻が近い場合を除き、気づいた時点ですぐに服用するのが一般的だが、服用時刻（夕食後）から大きくずれる翌朝食後に服用することは、服用間隔の乱れや二重服用のリスクを避ける観点から推奨されない場合がある。「服用しないでください」という指示は、状況によっては適切な場合がある。選択肢3：DAA治療によりC型肝炎ウイルスが排除されると、肝臓の状態が改善し、インスリン感受性が改善することがある。その結果、糖尿病治療薬（SGLT2阻害薬やDPP4阻害薬）の効果が相対的に強まり、低血糖のリスクが高まる可能性があるため、低血糖症状への注意喚起は適切である。選択肢4：DAAによるC型肝炎治療は、通常8週間または12週間の継続服用が必要であり、自己判断で中断すると治療失敗のリスクがあるため、継続服用の重要性を説明することは正しい服薬指導である。選択肢5：レジパスビル・ソホスブビル配合錠の主な副作用は倦怠感、頭痛などであり、血圧上昇は一般的な副作用として知られていない。特に家庭での血圧測定を推奨する必要性は低い。したがって、この服薬指導は誤っている可能性が高い。以上より、誤っているのは5。
問291,病態,"[(2,)]",○,[2],患者はレジパスビル・ソホスブビル配合錠（処方3）によるC型肝炎治療中に、腎機能の悪化（eGFR 40→29 mL/min/1.73m²）を認めた。eGFR 30未満の高度腎機能障害（CKD G4）に該当する。ソホスブビルは、高度腎機能障害患者において代謝物（GS-331007）が蓄積するため、レジパスビル・ソホスブビル配合錠はeGFR 30未満の患者には推奨されない。そのため、処方3の変更が必要となった。代替薬としては、高度腎機能障害（透析患者を含む）にも用量調節なしで使用可能なDAAを選択する必要がある。選択肢1（ラミブジン）、3（エンテカビル）、4（テノホビル アラフェナミド）はHBVやHIVの治療薬であり、HCVには無効。選択肢5（ソホスブビル・ベルパタスビル配合錠）もソホスブビルを含むため、eGFR 30未満では推奨されない。リバビリンも腎機能に応じた調節が必要。選択肢2：グレカプレビル・ピブレンタスビル配合錠は、パンジェノ型対応のDAAであり、高度腎機能障害患者や透析患者にも用量調節なしで安全に使用できることが確認されている。したがって、eGFR 29のこの患者にとって最も適切な代替治療薬である。以上より、2が正解。
問292,病態,"[(3, 5)]",×,"[4, 5]",患者は僧帽弁置換術後に発症した、メチシリン感受性黄色ブドウ球菌（MSSA）による感染性心内膜炎（IE）、特に人工弁感染性心内膜炎（PVE）である。選択肢4：人工弁は異物であり、細菌が付着しやすく、疣贅（ゆうぜい）が形成されやすい。PVEは、自己弁IE（NVE）と比較して、疣贅が剥がれて血流に乗り、脳などの他の臓器に塞栓を引き起こすリスク（脳塞栓症など）が高いとされる。これは正しい記述である。選択肢5：起炎菌がMSSAであるため、治療の第一選択薬は抗黄色ブドウ球菌ペニシリン（ナフシリン、オキサシリン）または第一世代セファロスポリン（セファゾリン）である。したがって、血液培養の結果からセファゾリンが推奨されるというのは正しい。選択肢1：ヘモグロビン値は15.6 g/dLであり、貧血は認められない。選択肢2：血清クレアチニン値は0.85 mg/dLであり、腎機能低下は認められない。ネフローゼ症候群を示唆する所見もない。選択肢3：人工弁置換術を受けていること自体がIEのリスク因子である。そして、IE（特にPVE）の合併症として、弁機能不全や心不全が起こりうる。記述はやや間接的だが、PVEが心不全のリスクとなることは正しい。しかし、4と5がより直接的かつ明確に正しい記述であるため、これらを選択する。以上より、4と5が正しい。
問293,実務,"[(2, 3)]",○,"[2, 3]",MSSAによるPVE患者に対する抗菌薬適正使用支援チーム（AST）の助言として適切なものを問うている。選択肢2：抗菌薬治療開始後、治療効果を確認するために（菌血症が消失したかを確認するために）、血液培養を複数セット（通常は連日または1日おきに）採取し、陰性化を確認することは標準的な診療である。これは適切な助言である。選択肢3：治療効果確認のための血液検査（炎症マーカーや臓器機能など）は重要だが、「次回抗菌薬投与直前」というタイミングは、主にトラフ濃度を測定する治療薬物モニタリング（TDM）を指す。セファゾリン（問292より推奨される薬剤）は通常TDMが必須ではない。治療効果は臨床症状、炎症マーカー、血液培養陰性化などで総合的に判断するため、この表現は必ずしも適切ではない。選択肢1：感染性心内膜炎は感染症法に基づく届出が必要な「指定感染症」には通常該当しない。選択肢4：PVEの治療期間は通常6週間以上と長く、血液培養が陰性化しても直ちに治療を終了すると再発のリスクが高い。不適切である。選択肢5：CRPは炎症マーカーであり治療効果の指標の一つだが、CRPが基準値以下になっただけで、血液培養が陽性であったり、推奨される治療期間が終了する前に抗菌薬を中止するのは不適切である。以上より、2が最も適切である。2つ選ぶ必要があるため、他の選択肢を再検討する。PVEの治療では、特に初期や重症例でアミノグリコシド系薬（ゲンタマイシンなど）が併用されることがある。その場合、TDM（ピーク・トラフ測定）が必要となるため、選択肢3が状況によっては適切となりうる。しかし、本文に併用薬の記載はない。他に明確に正しい選択肢がないため、フォローアップの血液培養（2）と、特定の状況下（例：アミノグリコシド併用時）でのTDMを示唆する可能性のある（3）を、次善の策として選択する。
問294,病態,"[(1, 2)]",○,"[1, 2]",患者は腎移植後でシクロスポリンを服用中であり、妊娠を希望している。妊娠中の使用を考慮した場合に選択可能な免疫抑制薬を問うている。選択肢1：シクロスポリン（カルシニューリン阻害薬、CNI）は胎盤を通過するが、移植患者における妊娠中の使用経験は比較的豊富であり、必要であれば注意深いモニタリングのもとで使用される。選択可能である。選択肢2：タクロリムス（CNI）も同様に胎盤を通過するが、シクロスポリンと並んで妊娠中の移植患者に広く使用されており、しばしば第一選択とされる。選択可能である。選択肢4：ミコフェノール酸モフェチル（MMF）は催奇形性が高く、妊娠中および妊娠希望時には禁忌である。妊娠を計画する場合は、通常、妊娠の6週間以上前に中止する必要がある。選択不可能。選択肢5：エベロリムス（mTOR阻害薬）は、動物実験で催奇形性が報告されており、妊娠中の安全性に関するデータは限られているため、通常は妊娠中は避けるべきとされる。選択不可能。選択肢3：バシリキシマブは、移植時の導入療法に使用される抗体製剤であり、維持療法には使用されない。不適切。したがって、妊娠を考慮した場合に維持療法として選択可能なのは、シクロスポリンとタクロリムスである。以上より、1と2が正しい。
問295,実務,"[(1, 5)]",×,"[3, 5]",患者は妊娠25週の腎移植後女性で、高血圧（154/112 mmHg）を呈し、降圧治療が必要となった。妊娠中（特に妊娠中期・後期）に使用可能な降圧薬を選択する。腎機能はeGFR 80と良好だが、カリウム値が5.2 mEq/Lと軽度高値である点も考慮する。選択肢3：ラベタロール（αβ遮断薬）は、妊娠高血圧症候群の治療において第一選択薬の一つであり、妊娠中の使用経験が豊富で安全性が比較的高いとされる。使用可能。選択肢5：ニフェジピン（カルシウム拮抗薬、特に徐放製剤）も、妊娠高血圧の治療に広く用いられる第一選択薬の一つであり、安全性が比較的高いとされる。使用可能。選択肢1：アテノロール（β遮断薬）は、胎児発育遅延のリスクが他のβ遮断薬より高い可能性が指摘されており、妊娠中の使用は推奨度が低い。選択肢2（エナラプリル、ACE阻害薬）および選択肢4（バルサルタン、ARB）は、妊娠中期・後期において胎児毒性（腎障害、羊水過少など）のリスクがあるため禁忌である。カリウム値が軽度高値であるが、ラベタロール、ニフェジピンはカリウム値に大きな影響を与えにくい。以上より、妊娠中に使用可能な降圧薬として適切なのは3と5。
問296,病態,"[(4, 5)]",○,"[4, 5]","患者は若年女性で、微熱、関節痛、顔面（両頬）の皮疹（蝶形紅斑を示唆）、光線過敏症（屋外作業後に症状出現）、レイノー現象、白血球減少、血小板減少、腎機能障害（BUN, Cre高値）、尿蛋白陽性、高力価の抗核抗体、抗Sm抗体陽性という、全身性エリテマトーデス（SLE）に典型的な多臓器にわたる症状と検査所見を呈している。特に抗Sm抗体はSLEに特異性が高い。選択肢4：患者の症状として「手指の冷感・しびれなどのRaynaud（レイノー）現象が出現した」と明記されている。これは正しい記述である。選択肢5：SLEは全身性の自己免疫疾患であり、皮膚（蝶形紅斑、光線過敏症など）、関節、腎臓（ループス腎炎）、血液系（血球減少）、神経系（精神神経症状）など、多彩な全身症状が出現しうる。これはSLEの特徴を正しく述べている。選択肢1：関節リウマチ（RA）の典型的初期症状は、手指などの小関節を中心とする対称性の多関節炎や朝のこわばりであり、本患者の症状全体像はRAよりもSLEを示唆する。選択肢2：SLEの病態には、自己抗体の産生と免疫複合体の形成・沈着（III型アレルギー）が中心的に関与する。細胞性免疫（IV型アレルギー）が主ではない。選択肢3：BUN、クレアチニン高値、尿蛋白陽性であり、腎障害（ループス腎炎）が強く疑われる。検査結果から否定することはできない。以上より、4と5が正しい。"
問297,実務,"[(2, 4)]",○,"[2, 4]",SLEと診断され、プレドニゾロン30mg/日の高用量ステロイド療法が開始された患者への退院時服薬指導。選択肢2：高用量ステロイドで効果不十分（ステロイド抵抗性）または減量困難（ステロイド依存性）な場合、ループス腎炎などの臓器障害があれば特に、ミコフェノール酸モフェチル、シクロホスファミド、アザチオプリンなどの免疫抑制薬の追加が標準的な治療戦略である。これは正しい説明である。選択肢4：SLE患者は光線過敏症を有することが多く、日光曝露により皮疹が悪化したり全身症状が誘発されたりすることがある。本患者も屋外作業後に症状が出現した既往があるため、日光を避ける（日焼け止め、帽子、長袖など）よう指導することは適切である。これは正しい説明である。選択肢1：重篤な臓器障害（重症ループス腎炎、中枢神経ループスなど）に対しては、ステロイドパルス療法（メチルプレドニゾロン大量点滴静注、通常3日間）が行われることがある。記述の期間（1～7日間）はやや不正確だが、重症時に点滴療法があるという概念は正しい。しかし、2と4がより明確に標準的な指導内容である。選択肢3：初期治療で高用量ステロイドを使用した後、症状が改善すれば副作用軽減のために漸減し、低用量の維持量とするのが一般的である。同量で維持するわけではない。選択肢5：妊娠はSLEの病状に影響を与え、増悪（フレア）のリスクがある。また、SLE自体や治療薬が妊娠経過に影響を与える可能性もあるため、妊娠は病状に影響しないというのは誤り。以上より、2と4が最も適切な指導内容である。
問298,実務,"[(1, 2)]",○,"[1, 2]","患者は黄色腫、アキレス腱肥厚、LDL-C 262 mg/dL、若年心筋梗塞の家族歴から、家族性高コレステロール血症（FH）が強く疑われる。ロスバスタチン服用中に重篤な筋肉症状（CK 4,215 IU/L）を発症した既往がある。選択肢2：FH患者は若年から動脈硬化が進行しやすく、心血管疾患のリスクが極めて高い。運動療法は推奨されるが、開始前に虚血性心疾患などの動脈硬化性疾患のスクリーニング（評価）を行い、安全性を確認することが重要である。これは適切な知識である。選択肢1：脂質異常症の食事療法では飽和脂肪酸やコレステロールの摂取制限が重要であり、炭水化物エネルギー比50-60%は一般的な推奨範囲ではあるが、FHにおける最重要指導点ではない。しかし、一般的な栄養バランスとして誤りではない。選択肢3：FHのような冠動脈疾患の超高リスク群では、LDL-C管理目標値はより厳格（例：70 mg/dL未満）に設定される。120 mg/dLでは不十分である。選択肢4：LDLアフェレシスは重症FHに対する治療法だが、通常は1～2週間に1回程度施行される。年1回の施行では効果がない。選択肢5：CK 4000超の重篤な筋肉障害であり、原因薬剤（ロスバスタチン）を継続すれば悪化し、横紋筋融解症や急性腎障害に至る危険がある。継続しても自然に消えることはなく、中止が必須である。以上より、2が明確に正しい。他の選択肢3, 4, 5は明確に誤り。消去法的に、一般的な食事指導の内容である1も正解と判断される。よって、1と2が適切。"
問299,病態,"[(2, 4)]",○,"[2, 4]",FH疑いでLDL-Cが極めて高く、かつ重篤なスタチン不耐（筋肉障害）のある患者に対する治療薬の選択。LDL-Cを大幅に低下させる必要があり、かつ筋肉への副作用リスクを回避する必要がある。選択肢2：エゼチミブは小腸でのコレステロール吸収を阻害する薬剤で、LDL-Cを約15-20%低下させる。スタチンとは作用機序が異なり、筋肉への副作用リスクは極めて低い。スタチン不耐患者への良い選択肢となる。適切である。選択肢4：エボロクマブはPCSK9阻害薬（抗体製剤）であり、LDL受容体を増やしてLDL-Cを強力に（50-60%以上）低下させる。FHやスタチン不耐のハイリスク患者に適応がある。注射剤（2週または4週に1回）だが、本患者のようなケースでは非常に有効かつ適切な選択肢である。適切である。選択肢1：ピタバスタチンもスタチンであり、重篤な筋肉障害の既往がある患者への再投与は、種類を変えてもリスクが高い。第一選択とはならない。選択肢3：ペマフィブラートなどのフィブラート系薬剤は主に中性脂肪低下作用が主であり、LDL-C低下作用は限定的。FHの第一選択薬ではない。また、スタチンとの併用で筋肉障害リスクが増加する（単独でもリスクはゼロではない）。選択肢5：イコサペント酸エチルはEPA製剤であり、主に中性脂肪低下を目的として用いられ、LDL-Cへの影響は小さい。以上より、スタチン不耐のFH患者に対する適切な治療選択肢として、エゼチミブとPCSK9阻害薬（エボロクマブ）が挙げられる。よって2と4が正しい。
問300,病態,"[(4, 5)]",○,"[4, 5]",処方1はフルチカゾンフランカルボン酸エステル（ICS）とビランテロールトリフェニル酢酸塩（LABA）の配合吸入薬（レルベア）。ICS/LABA配合剤で注意すべき副作用を問うている。選択肢4：ビランテロールはLABAであり、β2受容体刺激作用により、副作用として振戦（ふるえ）、動悸、頻脈などが現れることがある。これはLABAに共通する副作用である。正しい。選択肢5：フルチカゾンはICSであり、吸入により口腔咽頭局所に沈着すると、局所免疫抑制作用によりカンジダなどの真菌感染症（口腔咽頭カンジダ症）を引き起こすリスクがある。吸入後のうがいにより予防可能。これはICSの代表的な局所性副作用である。患者の「のどの違和感」もこれに関連する可能性がある。正しい。選択肢1：β2刺激薬はカリウムを細胞内に移動させるため、低カリウム血症を引き起こす可能性はあるが、高カリウム血症は典型的ではない。選択肢2：ICSは高用量や長期使用で全身性作用が現れると高血糖を引き起こす可能性はあるが、低血糖は典型的ではない。β2刺激薬も血糖を上昇させる方向に働くことがある。選択肢3：間質性肺炎は、ICS/LABAで報告がないわけではないが、頻度は低く、振戦やカンジダ症ほど一般的ではない。以上より、特に注意すべき副作用として4と5が挙げられる。
問301,実務,"[(4,)]",×,[3],ピークフローメーター（最大呼気流量を測定する器具）の使用方法に関する説明。選択肢3：「息がもれなくなるまでゆっくりと息を吹ききる」というのは、肺活量（特に努力性肺活量 FVC や緩徐肺活量 SVC）の測定方法であり、ピークフロー（PEF）の測定方法ではない。PEFは、「最大吸気位から、できるだけ速く、強く息を吹き出したときの最大流速」を測定するため、短く鋭い呼出が必要である。したがって、この説明は不適切である。選択肢1：深く息を吸い、マウスピースを口にくわえ、一気に強く速く息を吹き出す、というのは正しいPEF測定の手順である。選択肢2：PEF値は気道の状態（主に太い気道）を反映し、喘息の状態把握の指標となる。正しい。選択肢4：通常、3回測定し、その中の最高値を記録する。正しい。選択肢5：PEF値の日内変動（朝晩の差など）が大きいことは、気道過敏性の亢進や喘息コントロール不良を示唆する。正しい。以上より、不適切な説明は3。
問302,病態,"[(1, 3)]",×,"[3, 4]",患者は75歳男性、EGFR遺伝子変異陽性のStage IVB肺腺癌で、ゲフィチニブによる治療を受けている。選択肢3：Stage IVBは、遠隔転移（他の臓器への転移、または対側肺・胸膜・心膜内の複数部位への転移）がある状態を定義する。したがって、他臓器への転移がある可能性が高いというのは正しい記述である。選択肢1：肺癌の中で最も多い組織型は腺癌であり、特に非喫煙者では腺癌の割合が高い。扁平上皮癌は喫煙との関連がより強い。したがって、肺野部に発生する癌が最も多いのは扁平上皮癌であるというのは誤り。選択肢2：Stage IVBの進行癌であり、PS 1（症状はあるが歩行可能、軽作業可能）とはいえ、病状や治療（ゲフィチニブの副作用等）により、発症前と全く同じように制限なく日常生活を送ることは困難と考えられる。誤り。選択肢4：Stage IVの肺癌は、基本的に手術による根治は望めない。治療は薬物療法（分子標的薬、化学療法、免疫療法など）や放射線療法が中心となる。化学療法と併用しても、通常、根治目的の手術は不可能である（オリゴメタスターシスなど極めて稀な例外を除く）。誤り。選択肢5：SCC抗原は、主に扁平上皮癌の腫瘍マーカーとして用いられる。腺癌ではCEAやCYFRA 21-1などが用いられることがあるが、SCCは適切ではない。誤り。以上より、正しい記述は3のみと考えられる。しかし、2つ選ぶ必要があるため、選択肢を再検討する。選択肢4について、「可能である」という表現は、オリゴメタスターシスに対する集学的治療など、非常に限定的な状況を含めれば完全な誤りとは言えない可能性も残るが、一般的ではない。他の選択肢が明確に誤りであるため、ここでは最も確実な3を正解とし、設問に問題がある可能性を考慮する。もし2つ選ぶなら、可能性として4が考えられるが、標準的ではない。ここでは、最も確実な3を回答とするが、2つ選択が必須であれば、4を次点とする。（ここでは指示に従い2つ選択する）
問303,実務,"[(3, 4)]",○,"[3, 4]",ゲフィチニブ（EGFR阻害薬）開始時の薬剤師の対応。選択肢4：ゲフィチニブの重篤な副作用として間質性肺疾患（ILD）がある。初期症状（息切れ、呼吸困難、発熱、咳など）が出現したら直ちに受診するよう患者に説明することは、極めて重要な安全管理上の指導である。これは適切である。選択肢3：本文ではワルファリン（処方1）は中止されたとあるが、継続予定とも読める記述があり混乱がある。仮にワルファリンが併用される場合、ゲフィチニブはワルファリンの作用を増強し、プロトロンビン時間（PT-INR）を延長させる可能性があるため、併用時にはPT-INRを頻回に測定し、ワルファリンの用量調節を医師に提案することは適切な対応である。本文の矛盾を考慮しても、相互作用の可能性への言及は重要である。これも適切と考えられる。選択肢1：手足症候群はゲフィチニブの典型的な副作用ではない。レボフロキサシンは抗菌薬であり、副作用予防には用いない。不適切。選択肢2：レバミピドは中止されている。オメプラゾール（PPI）は胃酸分泌を抑制し胃内pHを上昇させるため、ゲフィチニブの吸収を低下させる可能性がある。併用は避けるか慎重に行うべきであり、PPIへの変更を提案するのは不適切。選択肢5：グレープフルーツジュースはCYP3A4を阻害する。ゲフィチニブは主にCYP3A4で代謝されるため、グレープフルーツジュースとの併用はゲフィチニブの血中濃度を上昇させ、副作用リスクを高める。効果を減弱させるという説明は誤り。以上より、4（ILDの注意喚起）と3（ワルファリンとの相互作用への注意）が適切な対応である。
問304,病態,"[(2, 3)]",○,"[2, 3]",乳癌の腰椎転移を有する患者。FDG-PETで腰椎に集積を認める。選択肢2：FDG-PETは、がん細胞が正常細胞よりもブドウ糖（グルコース）を多く取り込む性質を利用した検査である。放射性フッ素を付加したグルコース類似物質（FDG）が、代謝の活発ながん細胞（転移巣）に集積するため、病変部位ではブドウ糖の取り込みが亢進していると考えられる。これは正しい記述である。選択肢3：腰椎への転移は、椎体を破壊したり腫瘍が増大したりすることで、脊髄や神経根を圧迫するリスク（脊髄圧迫）がある。脊髄圧迫は麻痺などの重篤な神経症状を引き起こす緊急性の高い状態である。腰椎転移があり疼痛が増悪している本患者において、脊髄圧迫が生じている可能性は高いと考えられ、注意が必要である。これは正しい記述である。選択肢1：乳癌細胞が血行性またはリンパ行性に骨（腰椎）へ移動して増殖したものであり、転移（metastasis）である。原発巣からの直接浸潤（direct invasion）ではない。誤り。選択肢4：ビタミンDは骨代謝やカルシウム吸収に重要であり、デノスマブ治療中の低カルシウム血症予防にも必要だが、転移による症状（疼痛など）を直接緩和する効果はない。誤り。選択肢5：高用量メトトレキサート療法は、特定の血液がんや骨肉腫などで用いられるが、転移性乳癌の標準的な化学療法ではない。誤り。以上より、2と3が正しい。
問305,実務,"[(1, 4)]",○,"[1, 4]","緩和ケアチームの薬剤師としての対応。患者は乳癌骨転移、モルヒネによる眠気、腎機能障害（eGFR 26.7）がある。選択肢1：デノスマブは低カルシウム血症を引き起こす可能性があり、特に腎機能障害患者ではリスクが高まるため、注意喚起と情報提供は適切である。正しい。選択肢4：患者はモルヒネ増量により眠気の副作用が顕著になっている。モルヒネの活性代謝物（M6G, M3G）は腎排泄性であり、腎機能障害（eGFR 26.7）のある本患者では蓄積して副作用（眠気、神経毒性）を増強している可能性がある。フェンタニルは主に肝代謝され、腎機能障害時にも比較的安全に使用できるオピオイドである。副作用軽減や安全性向上のため、モルヒネからフェンタニル貼付剤へのオピオイドローテーションを検討することは、緩和ケアにおける標準的な対応であり適切である。正しい。選択肢2：ゾレドロン酸水和物（ビスホスホネート製剤）は腎排泄性であり、eGFR 30未満では禁忌または慎重投与（減量）が必要である。eGFR 26.7の患者に、腎排泄でないデノスマブからゾレドロン酸への変更を検討するのは不適切である。選択肢3：モルヒネの副作用としてQT延長は一般的ではない。選択肢5：ロキソプロフェンナトリウム水和物（NSAID）は、腎機能障害患者には禁忌または慎重投与であり、また、強オピオイド（モルヒネ）を使用中の患者の疼痛管理をNSAID単独に変更するのは鎮痛効果の面で不適切である。以上より、1と4が適切な対応である。"
問306,実務,"[(1, 2)]",○,"[1, 2]",自己血糖測定（SMBG）に関する患者への説明。選択肢1：指先に付着した糖分などが測定結果に影響を与えるため、穿刺前には必ず石鹸と流水で手指を洗浄し、よく乾燥させることが基本である。正しい。選択肢2：アルコール綿などで消毒する場合は、アルコールが完全に乾いてから穿刺する必要がある。濡れたままだと血液が薄まったり、測定酵素と反応したりして不正確な値になる可能性がある。正しい。選択肢3：指先を温める（温水で洗う、マッサージするなど）と血行が良くなり採血しやすくなる。冷やすと血管が収縮し、逆効果である。誤り。選択肢4：穿刺部位を強く絞ると、血液だけでなく組織液が混じり、測定値が不正確になる（低値になることが多い）。誤り。選択肢5：一度使用した試験紙（センサー）は、血液量が不足して測定できなかった場合でも再利用できない。新しい試験紙を使って再度測定する必要がある。誤り。以上より、適切な説明は1と2。
問307,法規,"[(1, 5)]",○,"[1, 5]",患者が使用している自己血糖測定器（高度管理医療機器、特定保守管理医療機器）の法規・制度上の取り扱い。選択肢1：高度管理医療機器を販売・賃貸するには、薬局開設許可とは別に、高度管理医療機器等販売業・賃貸業の許可が必要である。正しい。選択肢5：「特定保守管理医療機器」とは、保守点検、修理その他の管理に専門的な知識及び技能を必要とすることから、その適正な管理が行われなければ疾病の診断、治療又は予防に重大な影響を与えるおそれがあるものとして指定される。したがって、専門的な知識・技能が必要な医療機器である。正しい。選択肢2：医薬品副作用被害救済制度は、医薬品だけでなく、生物由来製品を含む医療機器による健康被害も対象となる場合がある。正しい記述ではある。選択肢3：「一般医療機器」（クラスI）は不具合が生じた場合でも人体へのリスクが極めて低いもの。自己血糖測定器は「高度管理医療機器」（クラスIIIまたはIV）であり、リスク分類が異なる。在宅で使用されるからといって一般医療機器に分類されるわけではない。誤り。選択肢4：高度管理医療機器は、製造販売にあたり厚生労働大臣の承認（届出ではなく）が必要である。誤り。設問では2つ選ぶ必要があり、1と5は当該医療機器の分類（高度管理、特定保守管理）から直接導かれる正しい記述である。2も制度として正しいが、ここでは1と5を選択する。
問308,実務,"[(1, 3)]",○,"[1, 3]","関節リウマチ（RA）でB型肝炎既往のある患者に、生物学的製剤アバタセプト（点滴静注）を開始する際の説明。選択肢1：アバタセプトはT細胞の活性化を調節する生物学的製剤であり、RAにおける免疫異常に作用して関節の痛みや腫れなどの症状を改善し、関節破壊の進行を抑制する効果が期待される。これは薬剤の作用と効果に関する適切な説明である。正しい。選択肢3：アバタセプトを含む生物学的製剤は免疫抑制作用を持つため、潜伏しているB型肝炎ウイルス（HBV）が再活性化するリスクがある。B型肝炎既往のある患者では、治療開始前のスクリーニングと治療中の定期的なモニタリング（HBV DNA、肝機能など）が不可欠である。このリスクについて説明することは重要である。正しい。選択肢5：アバタセプトには点滴静注製剤と皮下注射製剤がある。患者の希望や状況に応じて、点滴から皮下注射（自己注射を含む）への変更は可能である。この可能性について説明することは適切である。正しい。選択肢2：点滴中に「著しく気分が良くなる」ことは通常なく、むしろアレルギー反応やサイトカイン放出症候群などによる気分不良が問題となる。異常を感じた場合は安静にするだけでなく、速やかに医療スタッフに報告する必要がある。不適切な説明。選択肢4：アバタセプトは比較的安全性の高い薬剤とされるが、重篤な感染症（日和見感染症を含む）や注入に伴う反応など、生命を脅かす可能性のある重篤な副作用のリスクはゼロではない。「報告されていない」というのは誤りであり、不適切な安心感を与える。以上より、1, 3, 5が適切な説明内容であるが、2つ選ぶ必要がある。薬剤の効果(1)と重要な注意点(3)を選択する。"
問309,法規,"[(1, 5)]",×,"[3, 4]",アバタセプトのような生物由来製品に関する規制。選択肢3：生物由来製品（特に特定生物由来製品）については、感染症発生時の追跡調査等を可能にするため、医療関係者（医療機関、薬局）は、使用者（患者）の氏名、住所、使用した製品名、ロット番号、使用年月日等の記録を作成し、一定期間（特定生物由来製品は原則20年間）保存することが義務付けられている。これは適切な記述である。選択肢4：生物由来製品を含む医薬品の製造販売業者は、その製品に起因する感染症に関する最新の論文や学会報告等の情報を知った場合、その情報の内容や重要度に応じて、厚生労働大臣（PMDA）に報告する義務（安全性定期報告、未知の副作用報告など）がある。感染症に関する報告は特に重要視され、重篤な場合は迅速な報告（例：15日以内）が求められる。これは適切な記述である。選択肢1：製造販売業者が卸売販売業者に対して使用医療機関の情報を報告する義務は、一般的な規制としては定められていない（トレーサビリティは製造販売業者、卸、医療機関それぞれが記録を保管・提供する体制）。選択肢2：生物由来製品には「生物」等の表示義務があるが、「白地に赤枠、赤字で」といった具体的な表示形式は、必ずしも全ての生物由来製品に共通する規定ではない（特定生物由来製品等で規定あり）。選択肢5：生物由来製品の添付文書等には、その由来となった生物（人、動物、微生物等）の名称を記載することが求められる場合があるが、直接の容器・被包への記載義務については製品による。3と4がより一般的かつ重要な規制内容であるため、これらを選択する。
問310,法規,"[(2, 5)]",×,"[2, 4]","患者が希望するOTC風邪薬にはロキソプロフェンナトリウム水和物が含まれており、これは第一類医薬品に該当する。第一類医薬品の販売に関する規制についての問題。選択肢2：第一類医薬品を販売する際、薬剤師は購入者に対して、文書を用いて適正使用のために必要な情報を提供し、その内容を理解したことを確認しなければならない。これは義務である。正しい。選択肢4：第一類医薬品は、薬剤師でなければ販売してはならない。登録販売者は第二類・第三類医薬品の販売はできるが、第一類はできない。正しい。選択肢3：第一類医薬品の特定販売（インターネット販売など）は、以前は制限が厳しかったが、現在は薬剤師による情報提供体制など一定の要件を満たせば可能となっている。「一定の条件の下で可能である」は正しい。選択肢5：第一類医薬品を販売した際には、販売した薬局の名称等に加え、情報提供及び指導を行った薬剤師の氏名を、購入者に伝える（領収書や情報提供文書に記載するなど）必要がある。正しい。選択肢1：薬局は営業時間中、購入希望者がアクセスできる必要がある。施錠して入れないというのは通常ありえない。誤り。設問では2つ選ぶ必要があり、2, 3, 4, 5はいずれも正しい記述である。第一類医薬品の販売規制の根幹に関わるのは、薬剤師による販売（4）と、情報提供・理解確認（2）であると考えられるため、これらを選択する。"
問311,実務,"[(4,)]",○,[4],患者が希望するOTC風邪薬（ロキソプロフェン、トラネキサム酸、d-クロルフェニラミン、dl-メチルエフェドリン、グアイフェネシン、カフェイン含有）と、薬剤師が代替として提案した葛根湯との併用で注意が必要な成分を問うている。葛根湯の構成生薬には麻黄（マオウ）が含まれる。麻黄には交感神経刺激作用を持つエフェドリン類が含まれる。一方、患者が希望したOTC風邪薬には、同じく交感神経刺激作用を持つdl-メチルエフェドリン塩酸塩が含まれている（選択肢4）。これらを併用すると、交感神経刺激作用が相加・相乗的に増強され、動悸、血圧上昇、不眠、神経過敏などの副作用が出やすくなるため、注意が必要である。他の成分（ロキソプロフェン、トラネキサム酸、d-クロルフェニラミン、グアイフェネシン）と葛根湯の間に、特に重大な相互作用は知られていない。カフェイン（OTC薬）と麻黄（葛根湯）は共に中枢刺激作用を持つため、併用で作用増強の可能性はあるが、dl-メチルエフェドリンとの交感神経刺激作用の重複の方がより注意すべき相互作用と考えられる。したがって、最も注意が必要な成分はdl-メチルエフェドリン塩酸塩である。
問312,実務,"[(1, 5)]",×,"[3, 5]",高血圧・慢性心不全患者で、バルサルタン（ARB）が増量された（40mg→80mg）。フォローアップ時に確認すべき症状・状態。選択肢3：バルサルタン増量により降圧効果が強まるため、血圧が下がりすぎてめまいやふらつき（低血圧、起立性低血圧の症状）が出現する可能性がある。特に高齢者や心不全患者では注意が必要である。優先して確認すべき項目である。正しい。選択肢5：慢性心不全患者において、体重増加（特に急激なもの）は体液貯留、すなわち心不全の悪化を示唆する重要な徴候である。薬剤変更後も心不全の状態をモニタリングすることは重要であり、体重の変化は優先して確認すべき項目である。正しい。選択肢1：動悸や振戦は、β遮断薬（ビソプロロール）の副作用や離脱症状、あるいはβ刺激薬の副作用として考えられるが、ARB増量との直接的な関連は薄い。選択肢2：歯ぐきからの出血は抗凝固薬や抗血小板薬などに関連する。バルサルタンやビソプロロールとの関連は薄い。選択肢4：口内炎は様々な原因で起こるが、これらの薬剤の典型的な副作用ではない。以上より、ARB増量に伴う低血圧症状（めまい）と、基礎疾患である心不全の悪化を示唆する体重増加を優先して確認すべきである。よって3と5が正しい。
問313,法規,"[(3, 5)]",○,"[3, 5]",保険薬局における薬剤服用歴（薬歴）と調剤録に関する内容。選択肢3：薬局開設者は、薬剤師法に基づき、調剤録を薬局に備え、最終記入日から3年間保存しなければならない。これは正しい記述である。選択肢5：保険薬剤師が調剤を行う際には、患者の服薬状況、副作用の有無、併用薬などを確認し、薬剤服用歴を参照して、処方内容が適切か、安全に投与できるかなどを確認することが求められる。これは薬剤師の責務であり、適切な薬物療法を提供する上で不可欠である。正しい。選択肢1：薬剤服用歴には、患者への指導内容を記載し、継続的に服薬状況を把握することが重要である。「指導内容が記入に該当しない」は誤り。選択肢2：調剤録は、実際に調剤を行った薬剤師が責任を持って記載するものである。薬局の管理者が記載しなければならないわけではない。誤り。選択肢4：薬剤服用歴の記録・管理は薬剤師の重要な業務であり、これに関連する業務（薬剤服用歴管理指導料など）は調剤報酬の対象となる。「調剤報酬の対象とはならない」は誤り。以上より、3と5が正しい。
問314,実務,"[(2, 4)]",○,"[2, 4]",血液製剤に関する説明。選択肢2：血小板製剤（濃厚血小板）は、血小板の機能を維持し、凝集を防ぐために、室温（20～24℃）で、常に緩やかに振盪しながら保存する必要がある。正しい。選択肢4：輸血後移植片対宿主病（GVHD）は、輸血血液中のドナーリンパ球がレシピエントの組織を攻撃する重篤な合併症である。これを予防するために、血液製剤（赤血球、血小板など細胞成分を含むもの）に放射線を照射し、リンパ球の増殖能を失わせる。これが放射線照射血液製剤である。正しい。選択肢1：赤血球製剤は、細胞の生存と機能を維持するために冷蔵（1～6℃）保存が必要であり、常温保存はできない。誤り。選択肢3：新鮮凍結血漿（FFP）には赤血球はほとんど含まれないが、ABO血液型抗体が含まれるため、原則としてABO血液型適合血漿を輸血する。特に大量輸血時や新生児などでは重要である。したがって、使用前の血液型適合性の確認は必要である。しかし、2と4がより明確かつ基本的な事実である。選択肢5：FFPにはGVHDの原因となるリンパ球は含まれないため、放射線照射は不要である。誤り。以上より、2と4が正しい。
問315,法規,"[(5,)]",○,[5],血液製剤に関する質疑応答。選択肢5：「血液製剤の使用に関する記録は、医療機関において使用日から30年間保存義務がある」は誤りである。医薬品医療機器等法（薬機法）では、特定生物由来製品（輸血用血液製剤を含む）の使用に関する記録（患者氏名、製品名、ロット番号、使用年月日等）は、医療機関において少なくとも20年間保存することが義務付けられている。30年間ではない。選択肢1：輸血用赤血球製剤などの血液製剤の原料となる血液は、献血によって確保されている。正しい。選択肢2：日本における献血事業は、日本赤十字社が一元的に実施している。正しい。選択肢3：血液製剤は、献血血液から直接調製される「輸血用血液製剤」と、多数の献血血漿を原料として分画・精製される「血漿分画製剤」に大別される。正しい。選択肢4：輸血用血液製剤については、国内の献血によって国内自給が達成されている。正しい（血漿分画製剤は輸入原料に依存している部分が大きい）。以上より、誤っている記述は5。
問316,実務,"[(1, 3)]",○,"[1, 3]","メチルフェニデート塩酸塩徐放錠（コンサータ等）は、有効成分が徐々に放出されるよう特殊な製剤工夫（OROS技術等）がされているため、噛んだり砕いたりすると薬剤の放出制御ができなくなり、効果や副作用に影響が出る。したがって、噛まずに服用するよう指導するのは適切である（選択肢1）。また、メチルフェニデートは中枢神経刺激薬であり、副作用として食欲不振が比較的多く見られる。症状の悪化とともに、副作用の発現にも注意が必要であり、これらの変化が見られた場合は医師に相談するよう指導するのは適切である（選択肢3）。
選択肢2について、このタイプの徐放錠は薬剤放出後に錠剤の殻（ゴーストピル）がそのまま便中に排泄されることがあるが、これは正常であり薬が吸収されなかったわけではないため、誤った説明である。
選択肢4について、徐放錠であり、特にADHD治療薬は効果の持続時間や睡眠への影響を考慮し、通常朝に服用する。飲み忘れた場合にいつでも服用してよいわけではない。
選択肢5について、メチルフェニデートは第一種向精神薬に指定されており、依存性のリスクがあるため、用法・用量を守っていても依存が絶対に生じないとは断言できず、不適切な説明である。"
問317,法規,"[(3, 5)]",×,"[1, 4]","メチルフェニデート塩酸塩は向精神薬取締法における第一種向精神薬である。向精神薬を携帯して海外へ渡航する場合、麻薬及び向精神薬取締法に基づき、処方箋の写し等を携帯するとともに、渡航先によっては事前の許可申請が必要となる場合がある。特に、輸出入にあたる場合は地方厚生局長の許可が必要であるため、1週間の旅行であっても許可が必要となる可能性がある（選択肢1）。また、第一種向精神薬は、向精神薬取締法に基づき、薬局において鍵をかけた堅固な設備内に保管しなければならない（選択肢4）。
選択肢2について、調剤済み処方箋の廃棄に関して、都道府県知事への届出義務は定められていない（処方箋自体の保存義務は3年間）。
選択肢3について、医薬品等の広告は薬機法等で規制されるが、医療関係者向け専門誌等への広告が全て禁止されているわけではない。
選択肢5について、特定の医薬品の適正流通を目的としたシステムへの登録が求められる場合があるが、向精神薬全般の薬局での取り扱いにこの特定のシステムへの登録が必須とされているわけではない（ただし、譲渡・譲受等の記録・保管義務は厳格に定められている）。"
問318,実務,"[(2, 4)]",○,"[2, 4]","メポリズマブ自己注射ペン（オートインジェクター）の操作確認について。まず、注射前には針キャップを外す必要があるため、それを確認することは適切である（選択肢2）。また、ペンは注射部位に垂直に、安全カバーが見えなくなるまでしっかりと押し込むことで針が刺さり薬液が注入される仕組みである。したがって、患者が手の怪我などにより、この操作を適切に行う（深く押し込む）ことができなくなっていないかを確認することは、安全かつ確実に投与するために重要である（選択肢4）。
選択肢1について、薬液の確認は注射前に行うが、ペンを皮膚に押し当ててから確認するのではなく、また激しく振る必要はない（生物学的製剤は振盪を避けるべき）。
選択肢3について、安全カバーを指で押して作動確認を行うことは、誤作動や針刺し事故の原因となりうるため不適切である。
選択肢5について、このタイプのオートインジェクターは通常、皮膚に対して垂直（90度）に押し当てて使用するため、45度の角度での注入は不適切である。"
問319,法規,"[(4, 5)]",○,"[4, 5]","高額療養費制度に関する記述について。高額療養費制度は、年齢に関わらず適用される（ただし、自己負担限度額は年齢や所得区分によって異なる）（選択肢4）。また、同一世帯内で、同一の医療保険に加入している複数の人が、同月内にそれぞれ一定額（通常21,000円以上）以上の自己負担をした場合、それらを合算して世帯の自己負担限度額を超えた分が払い戻される「世帯合算」の仕組みがある。この患者は79歳男性、妻は75歳であり、同一世帯・同一保険（後期高齢者医療制度など）に加入していると考えられるため、合算を利用できる可能性がある（選択肢5）。
選択肢1について、高額療養費の自己負担限度額は月単位で計算される。半年単位ではない。
選択肢2について、高額療養費制度の運用（支給決定など）は、患者が加入している医療保険者（国民健康保険組合、協会けんぽ、後期高齢者医療広域連合など）が行う。PMDA（医薬品医療機器総合機構）ではない。
選択肢3について、患者が国民健康保険組合に加入していれば正しいが、79歳であれば後期高齢者医療制度に加入している可能性が高く、断定はできない。制度自体はどの保険でも利用可能だが、運営主体が異なる。"
問320,法規,"[(3, 4)]",○,"[3, 4]","薬剤師の居宅療養管理指導（介護保険）に関する記述について。保険薬局として指定を受けていることは、医療保険・介護保険のサービスを提供する前提となる。介護保険の居宅療養管理指導を行う事業者として指定を受けていれば、個々の指導実施について、あらかじめ行政機関等へ届け出る必要はない（ケアプランに基づき実施される）（選択肢3）。また、介護保険における居宅療養管理指導費は、原則として月4回まで算定可能という制限がある（医療保険の在宅患者訪問薬剤管理指導料も同様に回数制限がある）（選択肢4）。
選択肢1について、患者が介護保険を利用して費用を請求する場合、算定するのは「居宅療養管理指導費」であり、「在宅患者訪問薬剤管理指導料」は医療保険の名称であるため誤り。
選択肢2について、管理指導を行う薬剤師に5年以上の実務経験は要件とされていない。
選択肢5について、訪問時に得た情報（特に他のサービスに影響しうる情報）は、医師だけでなく、ケアマネジャー等、連携する他の関係職種にも必要に応じて情報提供・報告する必要がある。"
問321,実務,"[(2,)]",×,[5],"患者は酸化マグネシウムを服用しているにも関わらず便秘が続いている。考えられる原因として、①酸化マグネシウムの効果不十分、②他の薬剤（ガランタミン、ファモチジン等）による副作用、③水分摂取不足や活動量低下などが挙げられる。選択肢の中で最も適切な提案を選ぶ。
選択肢1は水分摂取を控えるよう指導するものであり、便秘を悪化させるため不適切。
選択肢2は便秘薬である酸化マグネシウムの減量を提案するものであり、症状が改善していない状況では不適切。
選択肢3は市販薬の使用を指示するものであり、医師への相談・提案が適切な状況では不適切。
選択肢4はファモチジンの増量を提案するものであり、便秘改善にはつながらない（ファモチジンは便秘を引き起こす可能性もある）。
選択肢5はガランタミンの増量を提案するもの。ガランタミンはコリンエステラーゼ阻害薬であり、アセチルコリンを増やすことで理論的には消化管運動を亢進させる可能性がある（副作用としては下痢が多いが、便秘も報告されている）。認知症治療薬であり、認知機能改善による活動性向上なども期待できるかもしれない。他の選択肢が明らかに不適切なため、消去法的に、あるいはコリン作動性効果による腸管運動改善を期待して、これが最も可能性のある提案と判断される。ただし、通常は酸化マグネシウムの増量や他の便秘薬への変更・追加をまず検討するべき状況である。"
問322,実務,"[(3, 5)]",○,"[3, 5]","患者は夕食後の服用が困難であり、処方1（ロスバスタチン）の飲み残しが多い状況。ロスバスタチンは服用時間に制限がないため、患者の生活スタイルに合わせて朝食後などに変更することは、アドヒアランス向上のための適切な提案である（選択肢3）。また、腹部不快感は処方2（サキサグリプチン）が開始されてから約1週間半後に発現している。サキサグリプチンは副作用として腹部症状（腹部膨満、腹痛、便秘、下痢など）が報告されており（頻度は低いが）、処方1（ロスバスタチン）よりも時間的な関連性が高いと考えられるため、処方2の副作用の可能性が高いと判断し、医師に情報提供することは適切である（選択肢5）。
選択肢1について、薬剤師が自己判断で処方薬の中止を指示することはできない。
選択肢2について、服薬支援（コンプライアンス・エイド）で解決しないアドヒアランスの問題は、処方医に相談・提案すべきであり、薬局で医師に相談するというのは不適切。
選択肢4について、ロスバスタチンも腹部症状を起こしうるが、長年服用しており最近発現した症状であること、新規薬剤開始のタイミングを考慮すると、処方1の副作用の可能性が高いとは言えない。"
問323,法規,"[(4, 5)]",○,"[4, 5]","地域連携薬局の認定要件に関する記述について。地域連携薬局は、地域包括ケアシステムの中で多職種と連携し、地域住民による主体的な健康の維持・増進を支援する機能を持つ薬局である。その要件として、地域の介護・医療・福祉関係者等が参加する研修会へ継続的に参加している体制があること（選択肢4）、そして、地域の他の医療提供施設（病院、診療所等）に対し、患者の入退院時などに服薬情報等を一元的・継続的に把握し、情報提供できる体制（連携体制）を有することが求められる（選択肢5）。
選択肢1について、在宅医療の実績（一定数以上の実施）が要件の一つであり、「実績に関わらず」ではない。また、24時間対応体制も求められる。
選択肢2について、営業年数に関する要件はない。
選択肢3について、オンライン服薬指導の体制は、地域連携薬局の必須要件ではない（専門医療機関連携薬局では要件の一つ）。"
問324,実務,"[(1, 2)]",○,"[1, 2]","研究に関する情報を掲示（ポスター等）により公開し、対象者が拒否（オプトアウト）する機会を保障する場合に必要な記載内容について。ヘルシンキ宣言や人を対象とする生命科学・医学系研究に関する倫理指針に基づき、研究対象者への説明事項が定められている。これには、研究の目的（選択肢1）、研究の方法、対象となる個人の情報の内容、情報の利用目的、研究への協力を拒否する方法（オプトアウトの方法）（選択肢2）、研究組織、問い合わせ先などが含まれる。
選択肢3について、問い合わせ先（代表者や事務局）は必要だが、関与する研究者全員の連絡先を記載する必要はない。
選択肢4について、倫理審査委員会の委員名を公開する必要はない（委員会の名称や承認を受けた旨は記載することがある）。
選択肢5について、研究費用に関する詳細（誰が負担するか、具体的な金額など）をポスターに記載する必要はない（資金源の開示は論文発表時などに求められる）。"
問325,法規,"[(2,)]",○,[2],"実施する研究（過去5年間の降圧薬の服薬アドヒアランスに関する後ろ向き調査）に関する倫理審査委員会への申請にあたり遵守すべき指針・法律について。本研究は、人を対象とする観察研究に該当する。日本における人を対象とする医学系研究（臨床研究）は、「人を対象とする生命科学・医学系研究に関する倫理指針」に従って実施する必要がある（選択肢2）。
選択肢1のGCP（医薬品の臨床試験の実施の基準に関する省令）は、医薬品の承認申請を目的とした臨床試験（治験）に適用される。
選択肢3のGVP（医薬品、医薬部外品、化粧品、医療機器及び再生医療等製品の製造販売後安全管理の基準に関する省令）は、製造販売業者が行う製造販売後の安全管理体制に関する基準である。
選択肢4の薬機法（医薬品、医療機器等の品質、有効性及び安全性の確保等に関する法律）は、医薬品等の製造販売、表示、広告などを規制する法律であり、研究倫理の細則は含まない。
選択肢5の臨床研究法は、特定臨床研究（未承認・適応外薬の使用や製薬企業等から資金提供を受ける介入研究など）を対象とする法律であり、本研究は該当しない。"
問326,実務,"[(3,)]",○,[3],"造血幹細胞移植後の免疫抑制療法中の患者が下痢を訴えている状況。下痢の原因として、薬剤性（特にミコフェノール酸モフェチル（MMF）やタクロリムス）、感染症、移植片対宿主病（GVHD）などが考えられる。薬剤師の薬学的管理として不適切なものを選択する。
選択肢1：下痢の性状（回数、水様便か泥状便か、血液の混入など）を確認することは、原因検索や重症度評価の基本であり、適切な行動である。
選択肢2：MMFは血中濃度（活性代謝物MPA）と副作用（特に消化器症状）の関連が指摘されており、TDM（薬物血中濃度モニタリング）を提案することは原因特定や用量調節のために適切である。
選択肢3：メチルプレドニゾロンは移植後の免疫抑制やGVHD治療に重要な薬剤であり、自己判断での中止提案は極めて危険であり不適切である。中止や減量は医師の慎重な判断が必要である。
選択肢4：半夏瀉心湯は消化器症状に用いられる漢方薬であり、医師への処方提案として考慮する可能性はある（ただし有効性や相互作用は要確認）。提案自体が不適切とは言えない。
選択肢5：免疫抑制状態では感染性腸炎のリスクが高いため、便培養による原因検索を提案することは適切である。
したがって、最も不適切な行動は選択肢3である。"
問327,実務,"[(2,)]",○,[2],"大腿骨頸部骨折で手術予定の患者の術前中止薬について。手術に伴うリスク（出血、血栓塞栓症など）を考慮して、術前に中止すべき薬剤を判断する。
選択肢2のラロキシフェンは、選択的エストロゲン受容体モジュレーター（SERM）であり、静脈血栓塞栓症（VTE）のリスクを増加させることが知られている。手術（特に下肢の整形外科手術）はVTEのリスクを高めるため、ラロキシフェンは術前に（通常は数週間前、少なくとも72時間前には）中止することが推奨される。
選択肢1のエルデカルシトール（活性型ビタミンD3誘導体）、選択肢3のアムロジピン（カルシウム拮抗薬）、選択肢4のロスバスタチン（HMG-CoA還元酵素阻害薬）は、通常、周術期に継続されることが多い。
選択肢5のスピロノラクトン（抗アルドステロン薬、カリウム保持性利尿薬）は、電解質や循環血液量に影響するため、手術当日に中止されることがあるが、VTEリスクのあるラロキシフェンの中止の方が優先度は高い。
したがって、術前に中止すべき薬剤として最も重要なのはラロキシフェンである。"
問328,実務,"[(2, 4)]",○,"[2, 4]","川崎病で治療を受け退院する患児の家族への説明内容について。川崎病の治療では、急性期に免疫グロブリン大量療法（IVIG）とアスピリンが用いられ、解熱後も冠動脈瘤の合併がある場合やリスクが高い場合には、血栓予防のために低用量アスピリンの内服が継続される。したがって、退院後もアスピリンを継続する理由（血栓予防）を説明することは重要である（選択肢2）。また、アスピリン内服中にインフルエンザや水痘（水ぼうそう）に罹患すると、ライ症候群を発症するリスクがあるため、これらの感染症が疑われる場合には速やかに医師に連絡するよう指導する必要がある（選択肢4）。
選択肢1について、IVIGは急性期の治療であり、退院後に定期的に行うものではない。
選択肢3について、アスピリンは急性期（高用量）と回復期（低用量）で用法・用量が異なるため、「入院中と同じ用法・用量」という説明は誤りである可能性が高い。
選択肢5について、IVIG投与後は、含有される抗体の影響で生ワクチン（麻疹、風疹、水痘、おたふくかぜ等）の効果が減弱する可能性があるため、一定期間（通常11ヶ月程度）接種を延期する必要がある。"
問329,実務,"[(3,)]",○,[3],"医薬品とサプリメント成分含有食品との相互作用に関する記述の正誤を判断する。誤っているものを選択する。
選択肢1：レボドパは鉄剤とキレートを形成し吸収が低下するため、作用減弱のおそれがある。正しい記述。
選択肢2：パロキセチン（SSRI）とセント・ジョーンズ・ワートはともにセロトニン作用を増強するため、併用によりセロトニン症候群のリスクが高まる。正しい記述。
選択肢3：アレンドロン酸（ビスホスホネート製剤）は、カルシウム（Ca）などの多価陽イオンとキレートを形成し、吸収が著しく低下する。記述では「吸収が**促進**されるおそれがある」と記載されており、これが誤りである。
選択肢4：レボフロキサシン（ニューキノロン系抗菌薬）は、マグネシウム（Mg）などの多価陽イオンとキレートを形成し、吸収が低下するため、効果減弱のおそれがある。正しい記述。
選択肢5：アミノフィリンとカフェインはともにキサンチン誘導体であり、中枢神経刺激作用や心刺激作用などを有するため、併用によりこれらの作用が増強し、副作用（頭痛、不眠、動悸など）が現れることがある。正しい記述。
したがって、誤っている記述は選択肢3である。"
問330,実務,"[(1, 4)]",×,"[2, 4]","アファチニブ（EGFRチロシンキナーゼ阻害薬）を服用中の患者に対する薬物治療の評価と指導計画について。アファチニブの重大な副作用として間質性肺疾患、重度の下痢、皮膚障害（ざ瘡様皮疹、皮膚乾燥、爪囲炎など）、肝機能障害などが知られている。特に皮膚障害は高頻度に見られるため、発疹、皮膚の乾燥、かゆみなどが現れる可能性があることを伝え、対処法（保湿、刺激を避けるなど）を指導することは適切である（選択肢4）。また、がん患者であり、化学療法や分子標的治療薬による骨髄抑制のリスクは常に考慮すべきである。血小板減少も可能性のある副作用の一つとして評価・観察項目に挙げることは適切である（選択肢2）。
選択肢1について、アファチニブはEGFR遺伝子変異陽性の非小細胞肺癌に対して一次治療から用いられることも多く、「化学療法**施行後**に開始された」とは限らないため、断定的な評価は不適切。
選択肢3について、アファチニブによる下痢は重症化することもあり、自然に治るとは限らない。適切な対症療法（止痢剤など）や、場合によっては休薬・減量が必要となるため、この説明は不適切。
選択肢5について、頓服薬（この場合はロキソプロフェン）を飲み忘れた場合に、翌日に倍量服用するような指示は誤りである。"
問331,実務,"[(1, 2), (1, 5), (2, 5)]",○,"[2, 5]","心原性脳塞栓症（左中大脳動脈領域）の急性期治療に関する医師との共有事項について。患者は発症から約14時間経過しており、血栓溶解療法（t-PA）の適応時間（通常4.5時間以内）は過ぎている。また、主幹動脈閉塞はないため血管内治療の適応もない。
選択肢2のエダラボンは、脳保護作用を期待して発症後24時間以内に投与が開始される薬剤であり、この患者には適応となりうる。適切な検討事項である。
選択肢5のDOAC（直接経口抗凝固薬）は、心原性脳塞栓症の再発予防に標準的に用いられるが、急性期（特に発症早期）の開始は出血性梗塞のリスクを考慮し、梗塞の大きさや患者の状態に応じて開始時期を慎重に判断する必要がある（例：1-3-6-12 day rule）。しかし、再発予防のための抗凝固療法導入は必須であり、DOACの使用（開始時期を含め）は重要な検討事項となる。
選択肢1のヘパリンナトリウム持続静注は、急性期脳梗塞に対するルーチンの治療としては推奨されていない（出血リスクのため）。特定の状況（例：進行性脳梗塞、塞栓源の評価・治療までのブリッジングなど）で考慮される場合もあるが、一般的ではない。
選択肢3のトリプタンは片頭痛治療薬であり、脳浮腫には用いない。
選択肢4の抗血小板療法は、非心原性脳梗塞の再発予防が主であり、心原性脳塞栓症では抗凝固療法が優先される。急性期に一時的に使用されることもあるが、DOAC等の抗凝固療法への移行が前提となる。
したがって、急性期治療として適切な検討事項はエダラボン投与（2）と、再発予防を見据えたDOACの使用（開始時期の検討を含む）（5）である。"
問332,実務,"[(1, 4)]",○,"[1, 4]","ドーピング禁止物質に関する知識を問う問題。陸上競技の国際大会に出場予定の選手が使用できる一般用医薬品の成分を選択する。
選択肢1のブチルスコポラミン臭化物は、鎮痙薬であり、WADAの禁止表国際基準において禁止物質としてリストされていないため、使用可能である。
選択肢4のロラタジンは、第二世代抗ヒスタミン薬であり、禁止物質としてリストされていないため、使用可能である。
選択肢2のストリキニーネは、興奮薬であり、常に禁止されている（S6. 興奮薬）。
選択肢3のマオウ（麻黄）は、エフェドリン等を含み、興奮薬として競技会（時）に禁止されている（S6. 興奮薬）。
選択肢5のプソイドエフェドリンは、興奮薬であり、競技会（時）において尿中濃度が150μg/mLを超えた場合に禁止される（S6. 興奮薬）。閾値以下なら問題ないが、リスクを伴うため推奨は慎重になるべきであり、明確に使用可能な1, 4と比較すると適切性が劣る。
したがって、明確に使用可能な成分は1と4である。"
問333,実務,"[(5,)]",○,[5],"ペムブロリズマブ（抗PD-1抗体）投与中の患者に見られる免疫関連有害事象（irAE）に関する問題。患者は倦怠感、体重増加、脈拍42/分（徐脈）を呈している。これらの症状は甲状腺機能低下症を強く示唆する。甲状腺機能低下症は、ペムブロリズマブなどの免疫チェックポイント阻害薬によるirAEとして知られている（甲状腺炎や下垂体機能障害に伴うもの）。甲状腺機能低下症の診断に最も重要な検査項目は、甲状腺刺激ホルモン（TSH）である（選択肢5）。原発性甲状腺機能低下症ではTSHは高値となり、下垂体性（中枢性）ではTSHは低値～基準範囲内でFT4が低値となる。いずれにしてもTSHの測定は必須である。
選択肢1のプロラクチン、選択肢2のテストステロン、選択肢4のゴナドトロピンは、下垂体機能障害の評価項目ではあるが、提示された症状（倦怠感、体重増加、徐脈）から第一に疑われる甲状腺機能低下症の直接的な指標ではない。
選択肢3の抗甲状腺抗体は、甲状腺機能異常の原因を探る上で有用な場合があるが、機能低下の診断自体はホルモン測定（TSH, FT4）で行う。"
問334,実務,"[(4, 5)]",○,"[4, 5]","深部静脈血栓症（DVT）と診断された患者の初期治療薬について。急性期のDVT治療では、迅速な抗凝固療法の開始が必要である。選択肢の中で、DVTの初期治療として適切なのは、経口投与可能で即効性のある直接経口抗凝固薬（DOAC）であるアピキサバン（選択肢4）や、注射薬で即効性のある低分子量ヘパリン（LMWH）であるダルテパリン（選択肢5）である。これらは、単独またはワルファリンへの橋渡し（ブリッジング）として用いられる標準的な初期治療薬である。
選択肢1のシロスタゾール、選択肢2のクロピドグレルは抗血小板薬であり、DVTの治療には用いられない。
選択肢3のワルファリンは有効な抗凝固薬であるが、効果発現までに数日を要するため、初期治療としてはヘパリン類との併用（ブリッジング）が必要であり、単独での初期治療には適さない。"
問335,実務,"[(3,)]",○,[3],"アジソン病（原発性副腎皮質機能低下症）の患者で、ヒドロコルチゾン（糖質コルチコイド補充）を開始したが、低血圧と低ナトリウム血症が改善しない状況。これは、鉱質コルチコイド（アルドステロン）の欠乏症状が残存していることを示唆する（検査値でもNa 134 mEq/L, K 5.3 mEq/Lと鉱質コルチコイド作用不足を示唆）。したがって、鉱質コルチコイド作用を持つ薬剤の追加が必要である。選択肢の中で、強力な鉱質コルチコイド作用を持ち、アジソン病の鉱質コルチコイド補充に用いられる標準的な薬剤はフルドロコルチゾン（選択肢3）である。
選択肢1のデキサメタゾン、選択肢2のベタメタゾンは強力な糖質コルチコイドであるが、鉱質コルチコイド作用はほとんどない。
選択肢4のスピロノラクトン、選択肢5のエプレレノンは抗アルドステロン薬であり、鉱質コルチコイド作用を阻害するため、この患者には禁忌である。"
問336,実務,"[(4, 5)]",×,"[1, 5]","薬剤の粉砕・脱カプセルを避けるべき理由について、正しい組み合わせを選択する。
選択肢1：ダビガトランエテキシラートメタンスルホン酸塩カプセルは、特殊なコーティングが施されたペレットを含み、特定のpH環境下で溶けて吸収されるように設計されている。脱カプセルや粉砕によりバイオアベイラビリティが過度に上昇し、出血リスクが高まる。放出部位・吸収速度を制御する製剤であり、「放出制御製剤であるため」という理由は、広い意味で正しいと解釈できる。
選択肢5：リセドロン酸ナトリウム錠（ビスホスホネート製剤）は、食道に長時間接触すると、びらんや潰瘍などの粘膜刺激作用（口腔咽頭刺激）を引き起こす可能性がある。粉砕すると薬剤が口腔や食道に付着しやすくなり、リスクが高まるため、避けるべきである。理由は正しい。
選択肢2：ポマリドミドカプセルは、催奇形性があるため、曝露リスク回避の観点から脱カプセルは避けるべきである。「光で分解するため」は主たる理由ではない。
選択肢3：バルプロ酸ナトリウム徐放錠は、徐放性を失い急激な血中濃度上昇（ドーズダンピング）を招くため、粉砕は避けるべきである。「苦味が出るため」は主たる理由ではない。
選択肢4：ランソプラゾール口腔内崩壊錠（OD錠）は、口の中で速やかに溶けるように設計されている。ランソプラゾール自体は酸に不安定なため、カプセル剤などでは腸溶性のコーティングが施されているが、OD錠を粉砕するという操作自体が通常想定されず、「腸溶錠であるため」という理由はOD錠には当てはまらない。
したがって、理由として正しい、あるいは最も適切と考えられるのは1と5である。"
問337,実務,"[(1, 3)]",○,"[1, 3]","発熱性好中球減少症（Febrile Neutropenia: FN）に対する抗菌薬の選択。FNは重篤な感染症のリスクが高い状態であり、特に好中球数500/μL未満は重症とされる。経験的治療として、緑膿菌を含む広域グラム陰性菌およびグラム陽性菌をカバーする、殺菌的な抗菌薬の速やかな静脈内投与が必要である。
選択肢1のセフェピムは、第4世代セファロスポリンであり、緑膿菌を含む広域スペクトラムを持ち、FNの標準的な初期治療薬の一つである。
選択肢3のメロペネムは、カルバペネム系抗菌薬であり、緑膿菌を含む非常に広範なスペクトラム（嫌気性菌もカバー）を持ち、重症例や耐性菌リスクが高い場合などに用いられる。これもFNの適切な治療選択肢である。
選択肢2のエリスロマイシン（マクロライド系）、選択肢4のミノサイクリン（テトラサイクリン系）は、スペクトラムや殺菌活性の面でFNの初期治療には不適切である。
選択肢5のダプトマイシンは、グラム陽性菌（特にMRSAやVRE）に有効であるが、グラム陰性菌には無効であり、FNの単独での初期治療には用いられない。
したがって、適切な抗菌薬は1と3である。"
問338,実務,"[(3,)]",○,[3],"感染対策としての滅菌手袋の外し方について、誤っている手順を選択する。手袋を外す際は、汚染されている可能性のある手袋の外面に、素手が触れないようにすることが原則である。
手順1：片方の手袋の外面（手首付近）を、もう片方の手袋をした手でつまむ（正しい）。
手順2：つまんだ手袋を裏返しながら外し、外した手袋はまだ手袋をしている方の手で保持する（正しい）。
手順3：次に、手袋を外した素手の指を、まだ手袋が装着されている方の手首の内側（皮膚と手袋の間）に滑り込ませるのが正しい方法である。選択肢3の図と説明「素手になった手で反対側の手袋の**外面**をつまむ」は、素手で汚染された手袋の外面に触れてしまうため、誤った手順である。
手順4：指を滑り込ませた後、手袋を裏返しながら（内面が外側になるように）外していく（正しい）。
手順5：外した手袋は内側に包み込むようにして廃棄し、手指衛生を行う（正しい）。
したがって、誤っているのは選択肢3である。"
問339,実務,"[(4,)]",○,[4],"次亜塩素酸ナトリウムの希釈計算問題。最終的に1L (1000mL) の0.01% (100ppm) 溶液を作成する。必要な次亜塩素酸ナトリウムの純量 = 1000mL * 0.01% = 0.1mL。
原液は6%なので、必要な原液量(ア) = 0.1mL / 6% = 1.67mL (約1.7mL)。
問題は二段階希釈。(ア)mLの6%原液を水で薄めて全量を(イ)mLにし（中間液）、その中間液を(ウ)mL取って水で薄めて全量を1L (1000mL) にする。
各選択肢を検証する。
選択肢4：ア=5mL, イ=300mL, ウ=100mL
Step 1: 5mLの6%原液を水で薄めて300mLにする。
 中間液濃度 = (5mL * 6%) / 300mL = 0.3% / 3 = 0.1%
Step 2: 0.1%の中間液を100mL取り、水で薄めて1000mLにする。
 最終濃度 = (100mL * 0.1%) / 1000mL = 0.01%
この組み合わせが目的の濃度(0.01%)となるため、正しい。"
問340,実務,"[(2, 4)]",×,"[2, 5]","食道がん術後の栄養療法に関する記述について。食道がん術後は、縫合不全のリスクや嚥下機能の変化により、経口摂取が困難な期間がある。栄養サポートチーム（NST）が介入している状況。
選択肢2：術後、経口での食事摂取が困難であるが、消化管機能が維持されている場合、経腸栄養（例：術中に造設した空腸瘻からの投与）が第一選択となる。したがって、術後の栄養管理に経腸栄養法が適しているというのは正しい。
選択肢5：経腸栄養法は、消化管の生理的な機能（バリア機能、免疫機能）を維持し、腸内細菌叢のバランスを保つ効果がある。中心静脈栄養法は、カテーテル関連血流感染症などのリスクを伴うため、消化管が使用可能な場合は、経腸栄養法の方が感染リスクは低いとされる。したがって、この記述は正しい。
選択肢1について、術前の栄養状態が悪ければ、術前でも経腸栄養（または経口栄養補助）が行われることがある。「実施できない」は誤り。
選択肢3について、経静脈栄養法で1日に必要な糖質量（カロリー）を摂取することは可能であるが、経腸栄養が可能であればそちらが優先される。
選択肢4について、経腸栄養剤は通常液体であり、半固形製剤が常に適しているわけではない。"
問341,実務,"[(4, 5)]",○,"[4, 5]","SOAP形式での薬剤服用歴記録に関する問題。S（Subjective: 主観的情報）、O（Objective: 客観的情報）、A（Assessment: 評価）、P（Plan: 計画）の各項目に内容を正しく分類する。
選択肢4：「臨床検査値及び患者の状態から、処方2の薬剤の服用開始は可能と判断した」は、薬剤師がS情報（患者の状態）とO情報（検査値）を基に行った専門的な判断・評価（Assessment）に該当するため、Aとして適切である。
選択肢5：「処方2の薬剤により体重増加のおそれがあるため、食事・運動に注意し、適度な運動を心がけるよう伝える」は、評価に基づいた今後の対応計画や患者指導（Plan）に該当するため、Pとして適切である。
選択肢1は、モニタリング継続という計画（Plan）であり、Sではない。
選択肢2は、母親からの報告であり、患者や家族からの訴えは主観的情報（Subjective）であるため、Sに分類すべき内容である。Oではない。
選択肢3は、次回の来局時に確認するという計画（Plan）であり、Oではない。"
問342,実務,"[(2, 4)]",×,"[2, 5]","薬剤師が患者（父）の薬剤セットを行う娘の負担を軽減するための工夫について。父は加齢黄斑変性による視力低下があるが、自己管理意欲はある。
選択肢2：分包紙の用法等の印字のフォントサイズを大きくすることは、視力が低下した父が自分で薬剤を確認しやすくなり、自己管理を助け、結果的に娘のセット負担（確認・修正の手間など）を軽減する可能性が高い。
選択肢5：医師に相談し、服薬回数を減らす（例：1日3回を1日1回や2回へ）ことができれば、セットする薬剤の数自体が減るため、娘の負担を直接的かつ大幅に軽減できる可能性が高い。
選択肢1：氏名の印字をひらがなにすることは、多少読みやすくはなるかもしれないが、負担軽減効果は限定的と考えられる。
選択肢3：効能・効果の印字を追加することは、薬剤の理解には役立つかもしれないが、セット作業の負担軽減には直接つながらない。
選択肢4：服用時点ごとに色分けしたラインを引くことも、父の識別を助ける工夫ではあるが、フォントサイズ拡大（2）や服薬回数削減（5）ほどの直接的な負担軽減効果は期待しにくいかもしれない。"
問343,実務,"[(2, 3)]",×,"[2, 4]","一般用医薬品（かぜ薬4-②）の製造販売に関する記述について。
選択肢2：医薬品の製造においては、GMP（Good Manufacturing Practice）に基づき、原料の受入れから製品の出荷に至るまでの工程管理や品質管理に関する記録（製造記録、品質試験記録など）を作成し、保管することが義務付けられている。原料の製造番号や秤量値などを記録した製造記録の作成は必須であるため、正しい。
選択肢4：このかぜ薬にはジヒドロコデインリン酸塩が含まれており、これは「指定第二類医薬品」に分類されることが多い。指定第二類医薬品は、薬剤師または登録販売者が販売できる。登録販売者は、薬剤師が不在の場合でも、指定第二類医薬品を含む第二類・第三類医薬品を販売することができる（ただし情報提供努力義務等あり）。したがって、この記述は正しい。
選択肢1について、ジヒドロコデインを含む医薬品は12歳未満の小児への使用は禁忌であるため、製造できない。
選択肢3について、かぜ薬であり、販売前に痛みがないことを確認する必要はない。
選択肢5について、当該薬局（製造所）で製造したものを、系列の他の店舗で販売するには、卸売販売業の許可など、追加の許可が必要となる場合がある。薬局の許可だけでは通常行えない。"
問344,実務,"[(3,)]",○,[3],"家族性高コレステロール血症（FH）で脂質低下薬（エゼチミブ/アトルバスタチン配合錠）を服用中の患者が妊娠を希望（または妊娠の可能性）している場合の薬剤変更について。スタチン（アトルバスタチン、ロスバスタチン等）は催奇形性のリスクから妊娠中は禁忌である。エゼチミブも妊娠中の安全性は確立しておらず、通常は中止する。妊娠中に脂質管理が必要な場合、薬物療法としては、吸収されずに作用する陰イオン交換樹脂（胆汁酸吸着薬）が選択肢となる。選択肢の中でこれに該当するのはコレスチミド（選択肢3）である。
選択肢1のロスバスタチンはスタチンであり禁忌。
選択肢2のプロブコールは妊娠中の安全性が確立しておらず、組織に長く残留するため避けるべき。
選択肢4のペマフィブラート（フィブラート系）は主に高中性脂肪血症に用いられ、妊娠中の安全性は確立していない。
選択肢5のロミタピドはホモ接合体FH治療薬であり、妊娠中は禁忌。"
問345,実務,"[(2, 4)]",×,"[3, 4]","ベバシズマブ（VEGF阻害薬）の重大な副作用である血栓塞栓症の早期発見のために患者に伝えておくべき自覚症状について。血栓塞栓症は、発生部位によって症状が異なる。肺塞栓症（PE）では突然の胸の痛みや呼吸困難、心筋梗塞（MI）では胸の痛みや圧迫感、脳梗塞では片麻痺・言語障害・意識障害、深部静脈血栓症（DVT）では片側の下肢の腫脹・疼痛などが現れる。選択肢の中で、胸の痛み（選択肢4）はPEやMIを疑う重要な症状である。また、黒色便（選択肢3）は上部消化管出血（メレナ）を示唆する症状であり、ベバシズマブのもう一つの重大な副作用である消化管穿孔や出血に関連する可能性がある。血栓塞栓症そのものの症状ではないが、ベバシズマブ投与中に注意すべき重篤な症状として挙げられる。
選択肢1の口渇、選択肢2の苦味、選択肢5の味覚障害は、血栓塞栓症に特異的な症状ではない。
したがって、血栓塞栓症（胸の痛み）および関連する重篤な副作用（出血を示唆する黒色便）として、4と3が注意すべき自覚症状と考えられる。"
